layer,rank,feature_idx,direction,low_entropy_mean,high_entropy_mean,low_entropy_freq,high_entropy_freq,effect_size,p_value
0,0,15718,low_entropy,1.4883162440174686,1.3255848105806505,0.9963503649635036,0.9744525547445255,-0.6065111659834883,3.0558798651283373e-12
0,1,6733,high_entropy,10.030546539891375,10.191791541384955,1.0,1.0,0.4858755195093018,6.304441451921356e-07
0,2,29754,low_entropy,1.0547493087114208,0.9787681350742814,0.9963503649635036,0.9744525547445255,-0.4616003593101893,3.3544357364012625e-09
0,3,14505,low_entropy,4.316813448049726,4.185750249528537,1.0,1.0,-0.3897981727448528,9.946604212386752e-06
0,4,26376,low_entropy,1.9963520430300357,1.9672768429248002,1.0,1.0,-0.36788925003552997,0.000108301208173021
0,5,29315,low_entropy,0.3078769249637632,0.18591246509203946,0.3613138686131387,0.21897810218978103,-0.318763261677072,0.00021060295227409744
0,6,24587,low_entropy,2.119923499813915,2.066684267381682,1.0,1.0,-0.3143609480942382,0.0003803029710647592
0,7,16283,low_entropy,3.1459723589194084,3.110250833260752,1.0,1.0,-0.3059676009823091,0.0013016645094378993
0,8,22056,low_entropy,1.9399788601555092,1.898340670731816,1.0,1.0,-0.3057960845866911,0.0003197963574541914
0,9,15923,high_entropy,0.6195806421502663,0.7273962251896405,0.7299270072992701,0.8357664233576643,0.3040259689182376,5.658827880433717e-06
0,10,7986,low_entropy,1.7540068861341824,1.729614726818391,1.0,1.0,-0.296302094785158,0.0056349088426001625
0,11,12043,high_entropy,0.3304816775948462,0.4852578165757395,0.3795620437956204,0.42700729927007297,0.29234585181930645,0.025113306744559052
0,12,4891,low_entropy,2.170391185005216,2.1376985407223668,1.0,1.0,-0.2868209767334313,0.0024194685808670985
0,13,27393,low_entropy,0.9283722647785271,0.8606102694995212,0.9562043795620438,0.9197080291970803,-0.2761725423538338,0.00022324148411311602
0,14,11196,low_entropy,3.197613986739277,3.1693646263902204,1.0,1.0,-0.27162271600369664,0.00700642122982429
0,15,14565,low_entropy,1.5822953486094509,1.5623590593790486,1.0,1.0,-0.26609926909224746,0.0038427867940615686
0,16,30437,low_entropy,2.9847907776380107,2.9274984406728812,1.0,1.0,-0.26283186923530316,0.0033584028461337676
0,17,32208,low_entropy,2.433858776614614,2.4016063352570916,1.0,1.0,-0.25856255279272083,0.003035011804930733
0,18,24970,low_entropy,3.6206471545852885,3.5291877254082338,1.0,1.0,-0.24846684567730812,0.010547973937521847
0,19,3685,low_entropy,1.3099398473753547,1.285006272531774,1.0,1.0,-0.2478644468794174,0.004434700645876726
0,20,31929,low_entropy,2.2632099137689075,2.2351069633107987,1.0,1.0,-0.23670010375249637,0.0038361945678933385
0,21,11271,low_entropy,3.940562428349126,3.9151967790004982,1.0,1.0,-0.23609982499985602,0.02309307296525211
0,22,8937,low_entropy,2.1157727894121714,2.0347786954719655,1.0,1.0,-0.23396356114104808,0.006543979638012222
0,23,11205,low_entropy,0.1149967680447293,0.05887873764455753,0.14233576642335766,0.072992700729927,-0.22540233188443867,0.008117653513004705
0,24,30286,low_entropy,5.270488629375931,5.225770402128679,1.0,1.0,-0.22454951597210573,0.00746189014203836
0,25,17177,low_entropy,0.8677357474382776,0.8110132115165682,0.948905109489051,0.8905109489051095,-0.21755320044816046,0.16190982540030652
0,26,27323,high_entropy,0.346290670824747,0.43985941875590023,0.4051094890510949,0.49635036496350365,0.2153987203712218,0.002586223887520938
0,27,25400,low_entropy,2.8099912056957717,2.7850446118055467,1.0,1.0,-0.21325385305153985,0.02687371559944134
0,28,28193,high_entropy,0.0,0.017870936080487104,0.0,0.021897810218978103,0.21148383404526247,0.013924039708652353
0,29,32213,low_entropy,2.6766910953243284,2.645635111488565,1.0,1.0,-0.21084226319501312,0.010947253605593446
0,30,27360,high_entropy,2.125390266850047,2.1470982919644266,1.0,1.0,0.1992801053698849,0.07519763110717212
0,31,6419,low_entropy,0.15892485697774122,0.1004413233621277,0.19708029197080293,0.12408759124087591,-0.19802984545438027,0.02742256763750668
0,32,14773,low_entropy,0.014801175054842538,0.0,0.01824817518248175,0.0,-0.192608857993006,0.02492129520005121
0,33,21562,high_entropy,1.6251405990906875,1.6416058609955502,1.0,1.0,0.18621648611791017,0.02529818421907875
0,34,9915,high_entropy,0.8787917492598513,0.9362415601737308,0.9124087591240876,0.9124087591240876,0.1845738451505228,0.00010168574709887646
0,35,1959,high_entropy,1.1078148906248328,1.1322048165067269,0.9963503649635036,1.0,0.18002909575253914,0.0958855438079827
0,36,22774,low_entropy,0.9292047920018217,0.8892080777317938,0.9525547445255474,0.9416058394160584,-0.17245078649686588,0.00011764593377364474
0,37,2034,high_entropy,0.0,0.013871774621253465,0.0,0.014598540145985401,0.17120422219363202,0.04510644254882337
0,38,26044,low_entropy,4.225442457373124,4.196448047665784,1.0,1.0,-0.16579886055828416,0.04024707163702509
0,39,23029,high_entropy,2.874324047652474,2.900227292610781,1.0,1.0,0.15458498368444995,0.05601563821622619
0,40,6956,high_entropy,1.581735027532508,1.5916164491298426,1.0,1.0,0.15002475306354784,0.04463926153689694
0,41,1812,low_entropy,1.371317528895218,1.3603673316266416,1.0,1.0,-0.1500073248678531,0.1456773129311315
0,42,3275,high_entropy,0.2507132776897319,0.3086827941184496,0.3102189781021898,0.3759124087591241,0.14989558735891814,0.055667079403687966
0,43,32574,high_entropy,0.0,0.008737848405420344,0.0,0.010948905109489052,0.1487424199076627,0.08307660721732395
0,44,24521,low_entropy,4.2533688754060845,4.236788859332565,1.0,1.0,-0.14415095765910407,0.18608996448028015
0,45,26014,low_entropy,2.9045099298449326,2.8862237216782396,1.0,1.0,-0.14066755532021744,0.1281747984269586
0,46,28286,low_entropy,2.3146237108829246,2.302161094045987,1.0,1.0,-0.13799139098371097,0.16153308176844217
0,47,23691,low_entropy,1.1389099385616552,1.122143984493548,1.0,1.0,-0.1373527897611052,0.06798275212083131
0,48,603,low_entropy,0.16976750332073573,0.12660218459846329,0.20802919708029197,0.15328467153284672,-0.13675366534102956,0.12160913310990032
0,49,16169,low_entropy,1.1713712976796784,1.1615154965080483,1.0,1.0,-0.1291203097564575,0.1512852318200945
0,50,30220,low_entropy,0.04285095729967103,0.02343656024793639,0.05474452554744526,0.029197080291970802,-0.12276265873273438,0.14667882010429675
0,51,6235,low_entropy,0.07264614148731649,0.047408511603835725,0.09124087591240876,0.058394160583941604,-0.11966639080719393,0.15801920177349427
0,52,23000,low_entropy,0.8985489841795316,0.8719855016165406,0.9562043795620438,0.9379562043795621,-0.11843448668640745,0.15002881221614503
0,53,5233,high_entropy,0.029722756930511362,0.056124863615871344,0.032846715328467155,0.04744525547445255,0.11791283211342019,0.357475566205965
0,54,29665,low_entropy,0.08247044856530907,0.05638665243656966,0.10218978102189781,0.06934306569343066,-0.11514888774846184,0.17368740100909474
0,55,7231,low_entropy,0.9408711149309673,0.8861848966483652,0.8248175182481752,0.7992700729927007,-0.11514792055820619,0.056520168374619636
0,56,17457,low_entropy,0.6766725543641696,0.6371473733091007,0.8029197080291971,0.7554744525547445,-0.1121394796268165,0.2957092613656934
0,57,22264,low_entropy,1.3338286495991867,1.3216940329892792,1.0,1.0,-0.11130092936763628,0.07130375878216182
0,58,21068,high_entropy,0.0031269588609681514,0.011625303186639383,0.0036496350364963502,0.014598540145985401,0.11067013321269195,0.1807776518648947
0,59,26093,low_entropy,5.483342022791396,5.432674279178146,1.0,1.0,-0.10892180087069663,0.19916825910242741
0,60,8249,high_entropy,2.181227234158203,2.1945004162997224,1.0,1.0,0.10803676317001179,0.19897951025077087
0,61,20375,high_entropy,1.1281792497547873,1.162004813443135,0.9562043795620438,0.9890510948905109,0.10741830188674033,0.676804273007259
0,62,26326,high_entropy,0.2832052627184095,0.3280184027487344,0.3248175182481752,0.3759124087591241,0.10711486659520372,0.2506093092917515
0,63,7807,low_entropy,0.016974440021236447,0.003950675038525658,0.010948905109489052,0.0036496350364963502,-0.10573012019961556,0.3142208824045375
0,64,29610,high_entropy,0.5186580238986189,0.5725484392503752,0.5072992700729927,0.5620437956204379,0.10365494789140853,0.20703292287569963
0,65,5904,low_entropy,3.250929642767802,3.238943481967397,1.0,1.0,-0.09920526770699364,0.28208476269406724
0,66,32688,low_entropy,4.420112457588641,4.38358100574382,1.0,1.0,-0.09681149504659109,0.16169473690104075
0,67,27307,low_entropy,0.04953580964220702,0.030584348814330833,0.04744525547445255,0.032846715328467155,-0.09413248561101868,0.37174202734594475
0,68,30462,low_entropy,1.5388060647205715,1.529473119408545,1.0,1.0,-0.0937195323338616,0.3705578160891956
0,69,24459,high_entropy,0.002796585542442155,0.009400206978303672,0.0036496350364963502,0.010948905109489052,0.09272881684409419,0.3142208824045375
0,70,5774,low_entropy,0.3016012226143023,0.26613931455751405,0.354014598540146,0.31386861313868614,-0.08817405635815019,0.3308971003061201
0,71,25169,low_entropy,1.3441451374631728,1.3370416995382657,1.0,1.0,-0.08627288327924917,0.47314682515398077
0,72,12127,high_entropy,0.019949281085146604,0.03194337213126412,0.025547445255474453,0.040145985401459854,0.08522687233638485,0.33124322260706407
0,73,12150,low_entropy,0.008660021707089278,0.0029475856436430104,0.010948905109489052,0.0036496350364963502,-0.08446876703419647,0.31952919371879407
0,74,4096,high_entropy,0.905210903961293,0.944329123427398,0.8138686131386861,0.843065693430657,0.08432299499074004,0.42965707914479134
0,75,1770,high_entropy,1.8601733441770512,1.871634137891505,1.0,1.0,0.08278182168536963,0.2581877820218036
0,76,11507,low_entropy,2.001353201639913,1.9929212949571817,1.0,1.0,-0.07998540078997847,0.23787060715032615
0,77,29041,low_entropy,0.5544472880607104,0.5164732593689522,0.5875912408759124,0.5474452554744526,-0.07943281617245866,0.3247934554531383
0,78,4883,low_entropy,1.839675471730476,1.8347786386517713,1.0,1.0,-0.07885669732357617,0.23466813903119377
0,79,9617,low_entropy,1.4942999843263278,1.4604375997599024,0.9781021897810219,0.9817518248175182,-0.07869211789763722,0.23980495298007587
0,80,24193,high_entropy,1.1745965115345307,1.1848947101265845,1.0,1.0,0.07309659020991666,0.27348479720881524
0,81,32762,low_entropy,0.0397617390556057,0.0287298758099549,0.051094890510948905,0.0364963503649635,-0.06896522441496504,0.4125079930181542
0,82,32720,high_entropy,0.007066275299030499,0.01388891117416159,0.0072992700729927005,0.014598540145985401,0.06829306323898753,0.41293410244353124
0,83,119,low_entropy,0.5267010483428509,0.488622770474775,0.43795620437956206,0.4306569343065693,-0.06398437844203066,0.3123404590222114
0,84,30988,low_entropy,0.867360504004207,0.8049428297655425,0.40145985401459855,0.3759124087591241,-0.0593457279101039,0.24129602262685723
0,85,10380,high_entropy,1.4184569033393024,1.4255285719885444,1.0,1.0,0.05867219418210534,0.3605517751949193
0,86,28108,low_entropy,1.7488073776238156,1.743324271953889,1.0,1.0,-0.056928236765131486,0.28767421425186734
0,87,21573,low_entropy,1.3723874496717523,1.368098947688611,1.0,1.0,-0.053187678815874925,0.8175716390298458
0,88,26663,low_entropy,1.6480908807176744,1.6406498064089865,1.0,1.0,-0.04940799410195402,0.3342573598073749
0,89,1955,low_entropy,0.3384205022432508,0.3182697361403138,0.38686131386861317,0.36496350364963503,-0.047444840618036346,0.5651367381546564
0,90,4397,high_entropy,0.9346647936932362,0.9470202985906253,0.948905109489051,0.9416058394160584,0.04737298921565941,0.16491892110551243
0,91,15215,low_entropy,1.156198019528911,1.1457295883310972,0.9927007299270073,0.9817518248175182,-0.04473652146244499,0.9851478815071034
0,92,6817,low_entropy,0.012078508190865065,0.007458215647370276,0.010948905109489052,0.0072992700729927005,-0.044152940504391426,0.6523572495871146
0,93,12686,high_entropy,0.5365856866331866,0.5549273040607898,0.6094890510948905,0.6240875912408759,0.0420874048193541,0.4510166020614014
0,94,5709,low_entropy,7.661882952181962,7.647880277494444,1.0,1.0,-0.0403961561624536,0.5874429462958796
0,95,19587,low_entropy,0.33179354776431175,0.31541050611621274,0.3795620437956204,0.3613138686131387,-0.03859905823457376,0.576579569426789
0,96,29584,low_entropy,0.6185566012876748,0.6020932476015857,0.6204379562043796,0.5802919708029197,-0.03194636935988006,0.9868744475492853
0,97,2331,high_entropy,0.11035702763682734,0.11916472180916445,0.1386861313868613,0.145985401459854,0.031231988272764733,0.641979161610224
0,98,16222,low_entropy,0.8780671843212017,0.8706819441196693,0.9306569343065694,0.9306569343065694,-0.0293435712399308,0.4059239577090096
0,99,20911,low_entropy,0.011763670366175854,0.009263268134889811,0.014598540145985401,0.010948905109489052,-0.02697399937459009,0.7070036635200996
4,0,983,high_entropy,5.127139305546336,5.532904356935599,1.0,1.0,0.5407628686285963,6.709813923861792e-09
4,1,4909,high_entropy,2.632072677577499,2.7722888558450407,1.0,1.0,0.47038336807328546,2.0377315429222728e-07
4,2,22616,low_entropy,3.1969309919071893,3.035242711105486,1.0,0.9963503649635036,-0.3592423111319029,2.3934154504039047e-05
4,3,19310,low_entropy,1.319087970865904,1.0337575617497854,0.6459854014598541,0.5145985401459854,-0.2837387652035886,0.0012788881275989379
4,4,26661,low_entropy,4.557338902550022,4.498582193451206,1.0,1.0,-0.23978978999480174,0.024808418482324363
4,5,32217,low_entropy,0.856727651000893,0.6668967709054042,0.4635036496350365,0.3613138686131387,-0.20911940047214578,0.007876091744064933
4,6,15277,high_entropy,2.660059580837723,2.769282884841418,0.9708029197080292,0.9817518248175182,0.17181162501584363,0.06023202013134426
4,7,31596,high_entropy,2.265997061764237,2.3820548318598394,0.9124087591240876,0.9525547445255474,0.15800896553592497,0.2150234236930859
4,8,30345,high_entropy,0.28334058462268247,0.39534473114640173,0.145985401459854,0.20437956204379562,0.15173079279106816,0.0844334734755995
4,9,3418,high_entropy,0.0,0.021007508257009685,0.0,0.010948905109489052,0.14854357907122923,0.08307660721732395
4,10,16906,low_entropy,0.2047884451211804,0.12481287578596686,0.10583941605839416,0.06569343065693431,-0.14817649236704045,0.09179947030923818
4,11,30065,low_entropy,0.0465194513327884,0.012718244190633733,0.025547445255474453,0.0072992700729927005,-0.1477052782824714,0.09150872932605542
4,12,31279,low_entropy,0.25905106581040543,0.17224838785881544,0.1386861313868613,0.0948905109489051,-0.1462425154758906,0.08815745143400099
4,13,4839,low_entropy,0.8796760544289638,0.7573343480590486,0.45255474452554745,0.39416058394160586,-0.12725991126719555,0.15586497656859274
4,14,30498,low_entropy,3.798079309672335,3.777728788173982,1.0,1.0,-0.11234091539555913,0.5900468058943075
4,15,20980,low_entropy,0.298673139871472,0.2306581365801122,0.16058394160583941,0.12408759124087591,-0.10457939478270381,0.24446953219906065
4,16,25326,low_entropy,1.4172060520109468,1.319108579715673,0.6897810218978102,0.6313868613138686,-0.09788128435473686,0.545584336023495
4,17,7803,low_entropy,0.06620907522466062,0.038664373603180376,0.0364963503649635,0.021897810218978103,-0.09114033321842756,0.3006091144236501
4,18,3018,high_entropy,0.04497983203317127,0.07217315774764457,0.025547445255474453,0.040145985401459854,0.0855861810972084,0.32691323153784835
4,19,22749,high_entropy,0.10820731020321811,0.1411767358327434,0.05474452554744526,0.06934306569343066,0.06740498234876055,0.46434606048848714
4,20,32346,high_entropy,0.444794682690697,0.5029879747516047,0.2116788321167883,0.25547445255474455,0.06701120282195092,0.40987229374896694
4,21,30685,high_entropy,0.02026995124608061,0.03382294412947049,0.010948905109489052,0.01824817518248175,0.060982044104679035,0.47668161557220456
4,22,673,low_entropy,0.11698567736757932,0.09131816225330325,0.06204379562043796,0.04744525547445255,-0.05907045493316448,0.4615007466666876
4,23,28104,high_entropy,0.026038483981668515,0.038303592779340534,0.014598540145985401,0.021897810218978103,0.05197047538406304,0.5320447961190624
4,24,1174,low_entropy,0.03907516272398677,0.02656734424785976,0.021897810218978103,0.014598540145985401,-0.05188561883434434,0.5198956410767182
4,25,11322,low_entropy,7.411953959151776,7.361087210857085,1.0,1.0,-0.05094058020406672,0.4768159394479544
4,26,18350,high_entropy,4.668399427929064,4.711784751745906,1.0,1.0,0.0478985022577694,0.4414734773147927
4,27,23545,low_entropy,0.2465156838841682,0.21783940635458396,0.13503649635036497,0.12043795620437957,-0.04716718741523271,0.5546600516787585
4,28,7266,high_entropy,0.3861430539701977,0.4219583999501528,0.20802919708029197,0.22992700729927007,0.04679762677864721,0.6226067166026519
4,29,3189,high_entropy,0.013639174238608701,0.019731004307739927,0.0072992700729927005,0.010948905109489052,0.0349518970543983,0.6547208499784654
4,30,30764,low_entropy,0.13902386435627068,0.12469575439926482,0.07664233576642336,0.06934306569343066,-0.030440904453598025,0.7749145580160763
4,31,14128,low_entropy,0.04540339743133879,0.03864019543585116,0.025547445255474453,0.021897810218978103,-0.025080877735472764,0.7705357862188584
4,32,12229,high_entropy,0.32923062787438834,0.3479659792280545,0.1678832116788321,0.17153284671532848,0.024664829781996998,0.8265910159925626
4,33,4084,high_entropy,0.020342272998642746,0.025168581600606876,0.010948905109489052,0.014598540145985401,0.024065447007475354,0.7152703317979126
4,34,5297,low_entropy,4.920996490186148,4.917327303085884,1.0,1.0,-0.014668749459715108,0.9477291910601927
4,35,13965,high_entropy,2.8807809448590245,2.8852861519277533,1.0,1.0,0.014059575929998564,0.9907440144456743
4,36,27634,high_entropy,0.6248834346332689,0.6332727757683636,0.30656934306569344,0.29927007299270075,0.008671700703725463,0.9806779495069239
4,37,25468,low_entropy,4.791422175664971,4.791224531883741,1.0,1.0,-0.0007370580124579488,0.8284886030771286
8,0,3303,low_entropy,2.3888741575018333,1.9883538702108565,0.9562043795620438,0.8284671532846716,-0.5276028359037157,1.5145591773869546e-12
8,1,9919,low_entropy,2.1271884476181366,1.6187765833235135,0.781021897810219,0.6094890510948905,-0.40213924149584135,1.0470602920308698e-05
8,2,18954,high_entropy,0.11448654902242396,0.37621955453914446,0.04744525547445255,0.15693430656934307,0.3623643153375295,2.9831069790523444e-05
8,3,28871,low_entropy,0.47494954262336675,0.19304634880845564,0.21532846715328466,0.08759124087591241,-0.3616901498166875,3.38438149479847e-05
8,4,29981,high_entropy,0.16841059183552318,0.4667358607271292,0.06934306569343066,0.18613138686131386,0.3610666847672641,3.109250040730945e-05
8,5,25767,high_entropy,0.042565230905574604,0.24660369949619265,0.01824817518248175,0.10218978102189781,0.3596055299350382,3.3944964921228076e-05
8,6,24223,low_entropy,3.6004675383115337,3.442983628189477,1.0,0.9963503649635036,-0.3165857753848723,0.0006486765948731798
8,7,23378,low_entropy,2.5818001745391066,2.0908262807957447,0.7335766423357665,0.6386861313868614,-0.2852365153470295,0.0005319994556621387
8,8,16593,low_entropy,5.311520333707768,5.161343497081394,1.0,1.0,-0.26062405149614665,0.0008240976461255771
8,9,19772,high_entropy,1.7105153224764078,2.079093232642125,0.6021897810218978,0.718978102189781,0.259810573411541,0.005412411819211507
8,10,19568,high_entropy,0.5397316930937941,0.8172250751161227,0.22627737226277372,0.33211678832116787,0.2533717119147811,0.004811805946047756
8,11,7185,high_entropy,0.12574613616414312,0.287765674347425,0.058394160583941604,0.12408759124087591,0.24915814458950897,0.00500133390922724
8,12,7900,high_entropy,0.06472573141111945,0.18789317834116245,0.025547445255474453,0.07664233576642336,0.22498141930129797,0.007366555955417347
8,13,4404,low_entropy,0.6828875054408164,0.44055891646085865,0.25547445255474455,0.17153284671532848,-0.22329076879309734,0.009558629291931962
8,14,1884,low_entropy,0.07456229289952856,0.008115548286994878,0.032846715328467155,0.0036496350364963502,-0.21916664273216735,0.010821070423081993
8,15,30656,high_entropy,0.2885977978253887,0.4683649252801046,0.12773722627737227,0.20437956204379562,0.2123703901275728,0.014096459370667893
8,16,11129,high_entropy,1.780341526017572,2.0499955137280654,0.6751824817518248,0.7408759124087592,0.2115709620399517,0.005333045860007265
8,17,2301,low_entropy,0.06248724199559567,0.007858734931388911,0.029197080291970802,0.0036496350364963502,-0.20162732712658255,0.018811070360547886
8,18,6277,low_entropy,0.13133459369631578,0.049763208758221926,0.058394160583941604,0.021897810218978103,-0.18476866624752064,0.031014683159944507
8,19,24600,low_entropy,0.16913718028660238,0.07426673478453699,0.072992700729927,0.032846715328467155,-0.18402034976172219,0.0337442021998654
8,20,32194,low_entropy,5.137769022127138,5.070341787199034,1.0,1.0,-0.18325756066989174,0.04088156301468026
8,21,13372,low_entropy,0.33036042651990905,0.20608647896425566,0.15328467153284672,0.0948905109489051,-0.17487575053559246,0.04624369907186776
8,22,17816,high_entropy,0.0,0.030372364677651954,0.0,0.014598540145985401,0.17211638274126848,0.04510644254882337
8,23,299,low_entropy,2.3072420071511375,2.1784465948160547,0.916058394160584,0.8832116788321168,-0.16218817908078853,0.030465079033509136
8,24,3282,low_entropy,3.8903297272911908,3.775382838109984,1.0,0.9854014598540146,-0.15915290267158508,0.19879081031098944
8,25,6928,high_entropy,3.8002192373693426,3.889196696072599,1.0,1.0,0.15817123530909358,0.07266887116601978
8,26,16146,high_entropy,0.10287724098149878,0.1887487938804348,0.043795620437956206,0.08029197080291971,0.15077687597600886,0.07935779357155648
8,27,17066,low_entropy,0.025118251786614858,0.0,0.010948905109489052,0.0,-0.14874826932013116,0.08307660721732395
8,28,9995,low_entropy,0.029434186698746506,0.0,0.010948905109489052,0.0,-0.1486039280328189,0.08307660721732395
8,29,28473,low_entropy,0.02497551127941939,0.0,0.010948905109489052,0.0,-0.14859834831397128,0.08307660721732395
8,30,7704,high_entropy,0.0,0.02681267261505127,0.0,0.010948905109489052,0.14855165640856377,0.08307660721732395
8,31,6116,low_entropy,3.424264670288476,3.351314632561955,1.0,0.9927007299270073,-0.135730767207192,0.217499454969993
8,32,15395,high_entropy,0.06588195188202127,0.12880200278149903,0.029197080291970802,0.051094890510948905,0.13125252689619618,0.1751985130761925
8,33,232,low_entropy,0.9242557783196442,0.782403678789626,0.3905109489051095,0.33211678832116787,-0.12405213247519856,0.11425671588514462
8,34,7847,low_entropy,1.4817967736808053,1.3208374959709,0.5875912408759124,0.5036496350364964,-0.12277469271132717,0.29736689801178473
8,35,1446,low_entropy,0.04031954977634179,0.008987418056404503,0.014598540145985401,0.0036496350364963502,-0.12075051475498862,0.17759620288212652
8,36,5686,high_entropy,0.10324899471589248,0.16811656777876138,0.043795620437956206,0.06934306569343066,0.11644895460070764,0.19042714605645206
8,37,12522,low_entropy,0.06744284525404881,0.023075687624242183,0.01824817518248175,0.0072992700729927005,-0.11028815120892986,0.2513534370634364
8,38,2719,high_entropy,0.27623940297286875,0.3572758375293147,0.12408759124087591,0.16058394160583941,0.10413471892591133,0.22118165454896987
8,39,8089,high_entropy,0.015740730466633816,0.039214008045892645,0.0072992700729927005,0.01824817518248175,0.09725712260134098,0.25480908690524495
8,40,26974,high_entropy,0.35062417931800344,0.43434804634456214,0.15328467153284672,0.18248175182481752,0.09529162708255319,0.28892970961122777
8,41,31745,low_entropy,2.108581630852971,1.9834128740060069,0.7408759124087592,0.7116788321167883,-0.09518570220274118,0.188321758181219
8,42,5125,high_entropy,2.4967528485903774,2.5964398566823808,0.864963503649635,0.8868613138686131,0.09183583916556173,0.5434492277911602
8,43,7652,high_entropy,0.04681830249563621,0.07900917878116134,0.021897810218978103,0.0364963503649635,0.08876392944056741,0.30933085632762636
8,44,2337,low_entropy,0.060379167542840444,0.03232316292115372,0.025547445255474453,0.014598540145985401,-0.08638236246342518,0.35608537125172834
8,45,20835,high_entropy,2.6726546931440813,2.7426500868623274,0.9197080291970803,0.9416058394160584,0.0825484331058231,0.330945600233705
8,46,12388,high_entropy,0.3197934575324511,0.3871412459951248,0.14233576642335766,0.1678832116788321,0.08136340961698024,0.36010820550933864
8,47,28400,high_entropy,0.015470019222175987,0.03131754380943131,0.0072992700729927005,0.014598540145985401,0.07130341029804046,0.40952585663880936
8,48,27981,low_entropy,1.4314351743155151,1.355619804702536,0.6058394160583942,0.572992700729927,-0.0645472930766207,0.5853564222632361
8,49,8715,high_entropy,1.6134737216643174,1.6739256886670189,0.6423357664233577,0.6605839416058394,0.04918499036699269,0.4024436177409141
8,50,908,low_entropy,0.07244376370506565,0.055997881576092576,0.032846715328467155,0.025547445255474453,-0.04434629266470789,0.6096128476807374
8,51,18479,low_entropy,1.8985058408584037,1.8480588893820769,0.7335766423357665,0.7153284671532847,-0.04230849780903931,0.5853516042893551
8,52,25066,low_entropy,0.798733727775351,0.7555981674333558,0.3357664233576642,0.3175182481751825,-0.038408897603984575,0.625234065182078
8,53,1133,high_entropy,0.20562272437297516,0.2308502362592377,0.08759124087591241,0.09854014598540146,0.036764887559297785,0.6525808596901521
8,54,16736,high_entropy,0.3457736151061789,0.37167224483768435,0.15328467153284672,0.16423357664233576,0.03123164134135706,0.7251497638471505
8,55,20701,high_entropy,0.047217181999317924,0.05553630407709275,0.021897810218978103,0.025547445255474453,0.025219426554971808,0.7799431505794118
8,56,18645,low_entropy,0.05382929144114473,0.048024479490127,0.025547445255474453,0.021897810218978103,-0.017745792785381964,0.7862327711171456
8,57,31633,high_entropy,1.074817275478892,1.0870074120751263,0.4343065693430657,0.45985401459854014,0.010001941137336144,0.8080183791070275
8,58,2083,low_entropy,7.157273024538138,7.157129118912412,1.0,1.0,-0.00010504009684021004,0.9442929165341589
12,0,31615,low_entropy,3.515707007289803,2.8053720858845397,0.9781021897810219,0.8321167883211679,-0.6077683663300213,2.191137880635972e-09
12,1,26529,high_entropy,0.2042134365026098,0.6808592603154426,0.08029197080291971,0.2591240875912409,0.4966262534043648,1.9135079731442557e-08
12,2,7729,high_entropy,0.3345433769434908,0.8437485877614822,0.1386861313868613,0.3248175182481752,0.48220413619765545,6.202406796109777e-08
12,3,28257,high_entropy,0.10211523954015579,0.4354470898635196,0.043795620437956206,0.17518248175182483,0.44126989341177486,5.834474439740586e-07
12,4,24001,low_entropy,0.32661768206714714,0.054196737978580226,0.12408759124087591,0.021897810218978103,-0.40419704224739433,3.879924502940488e-06
12,5,16475,high_entropy,0.8128281544594869,1.312106762489263,0.32116788321167883,0.49635036496350365,0.3926970550051595,3.273934864223719e-06
12,6,12491,low_entropy,0.7400034988013497,0.36899297950911697,0.3029197080291971,0.15328467153284672,-0.36713606323265596,2.1587961682760896e-05
12,7,17063,low_entropy,1.787713455457757,1.394023864808744,0.718978102189781,0.5766423357664233,-0.33591596463130524,1.4560646850127284e-06
12,8,2926,low_entropy,7.952779721169576,7.713035705315805,1.0,1.0,-0.32252884948280014,0.0009150082084715884
12,9,31572,low_entropy,0.19715676168455695,0.029337068543817006,0.072992700729927,0.010948905109489052,-0.3081426399105953,0.0003005588753715271
12,10,28679,high_entropy,0.0792541312475274,0.26558303745993733,0.032846715328467155,0.10583941605839416,0.2963507081897412,0.0006797890075700791
12,11,24124,low_entropy,2.8619946632942144,2.7908756515405475,0.9963503649635036,1.0,-0.29332755346280376,1.740277217960787e-05
12,12,604,high_entropy,10.899397860478311,11.38213891530559,1.0,1.0,0.2842370365296348,0.002725759411766798
12,13,510,high_entropy,0.3267657904729356,0.6473338569167757,0.11678832116788321,0.21532846715328466,0.28321038295963114,0.0018290050997514294
12,14,19230,low_entropy,6.491210553767908,6.22027501920714,1.0,1.0,-0.27951944734832745,0.0014428663047610073
12,15,18988,low_entropy,0.21333831244141516,0.0620906822872858,0.08759124087591241,0.025547445255474453,-0.26987981719325954,0.001755529884340678
12,16,24624,low_entropy,1.3121895990232482,0.8713796965397187,0.38686131386861317,0.26277372262773724,-0.2677525401027146,0.001967095823677672
12,17,3543,low_entropy,0.2225497386751384,0.06918883671725753,0.08759124087591241,0.025547445255474453,-0.2556387251107563,0.001914784736656097
12,18,6950,high_entropy,0.0,0.06155021434282734,0.0,0.025547445255474453,0.22855220087515338,0.00783907611136888
12,19,6704,high_entropy,0.0,0.05088302166792598,0.0,0.021897810218978103,0.21137914107192593,0.013924039708652353
12,20,19657,high_entropy,0.0,0.05159149465769747,0.0,0.021897810218978103,0.2110858167808291,0.013924039708652353
12,21,2734,high_entropy,0.0,0.055006344823071554,0.0,0.021897810218978103,0.2097956381831193,0.013924039708652353
12,22,20980,low_entropy,3.8976811257592083,3.6921517413898104,0.9854014598540146,0.9525547445255474,-0.2064018521346976,0.0663665320301032
12,23,25401,low_entropy,0.11246073594058517,0.03394106791837372,0.04744525547445255,0.014598540145985401,-0.19234338799118003,0.026815083838338187
12,24,18275,high_entropy,0.1768687711144886,0.3222901438274523,0.06934306569343066,0.12773722627737227,0.1918104661082741,0.023440317100692776
12,25,25238,low_entropy,0.07342064467659831,0.012025783531857234,0.029197080291970802,0.0036496350364963502,-0.18367693581099886,0.01918579929305432
12,26,2568,low_entropy,3.463109689907436,3.3579862805178564,0.9963503649635036,0.9854014598540146,-0.1761839853932122,0.11999529701571264
12,27,23610,low_entropy,0.5931027710002704,0.40517232452865937,0.21897810218978103,0.1386861313868613,-0.17246609520978703,0.024922916514794585
12,28,5052,high_entropy,0.0,0.03455796903067262,0.0,0.014598540145985401,0.1717226822096979,0.04510644254882337
12,29,19651,low_entropy,0.27270690890124244,0.15697695826091906,0.11678832116788321,0.06569343065693431,-0.17073926433290443,0.042438890630895815
12,30,21379,high_entropy,0.00817175851251087,0.053054705153416544,0.0036496350364963502,0.021897810218978103,0.16688176208332267,0.05686033859395456
12,31,13744,high_entropy,0.007961800498683957,0.050305263839498925,0.0036496350364963502,0.021897810218978103,0.16576007628943382,0.05686033859395456
12,32,23008,low_entropy,0.06460516818248442,0.011685361827376985,0.021897810218978103,0.0036496350364963502,-0.1552190672751899,0.05831975506437334
12,33,2000,low_entropy,0.5517036845214176,0.38676459162774746,0.1897810218978102,0.1386861313868613,-0.1518112957381227,0.0904134070030311
12,34,17420,high_entropy,0.0,0.02475946315013579,0.0,0.010948905109489052,0.1487950550370597,0.08307660721732395
12,35,31056,low_entropy,0.02520262933995602,0.0,0.010948905109489052,0.0,-0.14876502389429827,0.08307660721732395
12,36,1492,low_entropy,0.22705183063980436,0.13405824577721365,0.0948905109489051,0.05474452554744526,-0.1462212463253705,0.07868829232905442
12,37,1003,low_entropy,0.6007590633239189,0.45696259415062673,0.23722627737226276,0.18248175182481752,-0.13877477061449545,0.1014817415140578
12,38,21668,high_entropy,0.0,0.035232258539130215,0.0,0.010948905109489052,0.1383536445708306,0.08307660721732395
12,39,12410,low_entropy,0.5704089733805969,0.4199323358326933,0.20437956204379562,0.14963503649635038,-0.13742730668862413,0.08604496240111274
12,40,18119,high_entropy,0.0448123999755748,0.10933643971046392,0.014598540145985401,0.0364963503649635,0.13033724146428666,0.10526930555319819
12,41,2251,high_entropy,0.04077305932984735,0.09365030448802196,0.014598540145985401,0.0364963503649635,0.12674624469074489,0.10914236759343313
12,42,4058,high_entropy,0.009304781029694271,0.04293102330534997,0.0036496350364963502,0.014598540145985401,0.12268192980545173,0.17759620288212652
12,43,30930,high_entropy,0.5181010039183345,0.6417031575293437,0.20072992700729927,0.23357664233576642,0.11061722367031826,0.27260840036757406
12,44,9092,low_entropy,6.450827266177992,6.328731623879315,1.0,1.0,-0.09966779122395933,0.1321464616997146
12,45,27311,low_entropy,0.029530216307535658,0.00794016531784169,0.010948905109489052,0.0036496350364963502,-0.09844132493822114,0.3142208824045375
12,46,10363,low_entropy,0.1318570123101673,0.07794585628231077,0.040145985401459854,0.025547445255474453,-0.09236456405441827,0.3356101293372524
12,47,12612,low_entropy,1.263721023162786,1.1345671528447283,0.4635036496350365,0.40145985401459855,-0.09096967744318063,0.30221132217782687
12,48,31839,high_entropy,0.2056015199118287,0.2726525372832361,0.08394160583941605,0.10583941605839416,0.09016934104552331,0.335777898861769
12,49,14110,low_entropy,0.025566667535879314,0.007983385211359845,0.010948905109489052,0.0036496350364963502,-0.08991203237530473,0.3142208824045375
12,50,6547,low_entropy,0.09467433316864236,0.05225885523496753,0.029197080291970802,0.01824817518248175,-0.0860556203381348,0.399635142987808
12,51,17894,high_entropy,0.009666606457564083,0.027301205335742366,0.0036496350364963502,0.010948905109489052,0.08178634918631111,0.31775327518850016
12,52,25718,high_entropy,0.021783342326644563,0.046621394853522305,0.0072992700729927005,0.01824817518248175,0.08134705841577382,0.25829764073694983
12,53,19223,low_entropy,1.033356263689751,0.9214781853404358,0.354014598540146,0.3248175182481752,-0.07933424580670721,0.37262336835635546
12,54,30075,high_entropy,0.7045495858157638,0.8039935070232753,0.25547445255474455,0.291970802919708,0.07903219817457391,0.36687127808782793
12,55,1514,high_entropy,0.009507405496861812,0.024672676176920424,0.0036496350364963502,0.010948905109489052,0.07593806678052234,0.31952919371879407
12,56,1230,low_entropy,0.15906084976057067,0.111577620471481,0.043795620437956206,0.032846715328467155,-0.06845916416421897,0.49716403632194317
12,57,24536,high_entropy,0.2530546075236188,0.30380576022350003,0.10583941605839416,0.12773722627737227,0.06606693937681586,0.42140688153815276
12,58,29082,low_entropy,0.07590772548731226,0.04909246855408606,0.025547445255474453,0.01824817518248175,-0.06359230950747931,0.5511966666756802
12,59,32743,high_entropy,0.2929939153420664,0.3435940585867332,0.12043795620437957,0.14233576642335766,0.06155549750813848,0.4616021931453197
12,60,27067,high_entropy,2.8301320519760576,2.8823038252600788,0.9416058394160584,0.9379562043795621,0.060748635316250923,0.10051055082345231
12,61,1744,high_entropy,0.1048378204777293,0.1345476129629316,0.040145985401459854,0.051094890510948905,0.053807782511627864,0.542087920905154
12,62,23860,low_entropy,1.934161188828684,1.8653622021640304,0.718978102189781,0.6861313868613139,-0.05360039181164578,0.6383606541018838
12,63,5485,high_entropy,0.06536847222460447,0.0858740728266918,0.029197080291970802,0.0364963503649635,0.049829898640471736,0.6302054996111237
12,64,19120,high_entropy,0.03357101443910251,0.04940473337243073,0.014598540145985401,0.01824817518248175,0.04896057798738753,0.7213792829822177
12,65,24577,high_entropy,0.7434097354429482,0.8094039233061519,0.22627737226277372,0.2664233576642336,0.046620080597487214,0.4535516411891949
12,66,26634,low_entropy,0.027364196568509958,0.01730356338250376,0.010948905109489052,0.0072992700729927005,-0.04275537277643148,0.6570879160557317
12,67,10844,high_entropy,0.34070847417316297,0.3745785003160908,0.145985401459854,0.15693430656934307,0.039889473907788325,0.673853797375169
12,68,14067,high_entropy,0.05542496086037072,0.06952513656476988,0.021897810218978103,0.025547445255474453,0.03449001030362962,0.7721013793886957
12,69,27220,high_entropy,0.400512634402644,0.4329773109324657,0.14233576642335766,0.14963503649635038,0.03133955530068148,0.8152055355501808
12,70,2035,low_entropy,0.3166150898828994,0.2922366204923087,0.10218978102189781,0.0948905109489051,-0.025879333657008313,0.7721737101759473
12,71,22706,high_entropy,0.028131837392375417,0.0343751446174009,0.010948905109489052,0.014598540145985401,0.02264208822544406,0.7111327513855079
12,72,27645,high_entropy,2.006930305139862,2.0253417178662154,0.7335766423357665,0.7481751824817519,0.014833994193627508,0.9271365944130175
12,73,10505,high_entropy,0.039016073637635165,0.04348362014241462,0.014598540145985401,0.01824817518248175,0.013901671939818557,0.7472235766043065
12,74,282,low_entropy,0.11408666276583707,0.10754337885083944,0.0364963503649635,0.040145985401459854,-0.011496614341283141,0.850088720056507
12,75,7513,low_entropy,0.07364130368197921,0.06892601939013404,0.029197080291970802,0.029197080291970802,-0.011383425384774742,0.9830254166217118
12,76,23622,low_entropy,0.027848328117036473,0.025768448836612005,0.010948905109489052,0.010948905109489052,-0.008124510579704715,0.9976114809407589
12,77,17722,low_entropy,0.33128830899287315,0.3239181076523161,0.10218978102189781,0.0948905109489051,-0.007128638716953322,0.8156128969664854
12,78,14573,low_entropy,0.5484394905340932,0.5430010426653563,0.18613138686131386,0.1897810218978102,-0.004658324639550036,0.9662158935740737
16,0,21747,high_entropy,0.8406243924676937,3.280419658570394,0.3248175182481752,0.9598540145985401,2.193097822067071,3.7891956989028985e-69
16,1,6219,low_entropy,1.2049526193716231,0.009900707398017827,0.4489051094890511,0.0036496350364963502,-1.215691792745701,9.291846030333289e-35
16,2,6986,high_entropy,15.959653485430419,17.68447460745373,1.0,1.0,1.0493590874616527,8.840730156831615e-27
16,3,10758,low_entropy,4.262855162585739,3.534637563420038,1.0,0.9854014598540146,-0.9820234170829124,3.9148327915924556e-25
16,4,24846,high_entropy,0.24752842074763165,1.1341388669327228,0.10583941605839416,0.4562043795620438,0.8594368458601515,1.1322134049868946e-20
16,5,6093,high_entropy,0.35417451823714874,1.323270095525867,0.14963503649635038,0.4927007299270073,0.843000441398393,5.244727893624767e-20
16,6,21931,high_entropy,0.662070141221485,1.6041295041133017,0.28832116788321166,0.6423357664233577,0.8281697603267344,6.3405276432107595e-21
16,7,24126,low_entropy,8.212096330893301,7.432257431266952,1.0,1.0,-0.8100824160246604,4.942335980441505e-19
16,8,27420,low_entropy,2.2040721412992825,1.3160625235007628,0.8138686131386861,0.5109489051094891,-0.731036392564552,3.5170875053629336e-16
16,9,5951,high_entropy,0.025049226997542556,0.452166456375679,0.010948905109489052,0.18613138686131386,0.6146252687510204,5.9013357160892614e-12
16,10,22464,low_entropy,1.3232654942213185,0.6811976511112965,0.5583941605839416,0.2956204379562044,-0.569578966060291,7.607339865409383e-11
16,11,17384,low_entropy,0.3076580510522327,0.01515912313530915,0.1386861313868613,0.0072992700729927005,-0.5247845724094101,2.9169522689594795e-09
16,12,17490,low_entropy,2.0756683349609375,1.4267397318443242,0.7554744525547445,0.5364963503649635,-0.4972951983982826,3.261567260167974e-08
16,13,3791,low_entropy,2.907728519752948,2.2552059227532713,0.8613138686131386,0.7299270072992701,-0.45362137228932375,1.0008939285067022e-07
16,14,2315,high_entropy,0.1206078938324086,0.479242683327111,0.051094890510948905,0.19343065693430658,0.45259651493942127,2.976147629731369e-07
16,15,29862,low_entropy,3.5757109309635022,2.9712457639457535,0.9051094890510949,0.8540145985401459,-0.40104413814503603,3.7534485728259233e-07
16,16,19391,low_entropy,3.4487249555378936,3.096241622075547,0.9671532846715328,0.9635036496350365,-0.39416426578840075,3.9411676498617194e-09
16,17,25717,low_entropy,1.7727166527379168,1.1953246593475342,0.6021897810218978,0.40145985401459855,-0.3776936480561944,4.6639211000451356e-05
16,18,474,low_entropy,0.15141653927573323,0.0,0.06569343065693431,0.0,-0.3719947022964233,1.6438511270668113e-05
16,19,5150,low_entropy,5.826114429174549,5.525891665994686,1.0,1.0,-0.3684450055211946,1.836095083561637e-06
16,20,4776,high_entropy,0.0,0.12304803750810832,0.0,0.05474452554744526,0.33922583215953134,8.779422905300701e-05
16,21,9342,high_entropy,2.839949043997883,3.347182661077402,0.7992700729927007,0.8759124087591241,0.29983513726802397,0.00017249308468648646
16,22,186,low_entropy,0.08047204905182775,0.0,0.0364963503649635,0.0,-0.2743673289806398,0.0014361958925894153
16,23,14179,high_entropy,0.7973812940346934,1.1822509017303913,0.2956204379562044,0.38686131386861317,0.26938763801079657,0.005747110292275626
16,24,29523,high_entropy,0.24806269154931507,0.4721038393730665,0.09854014598540146,0.17883211678832117,0.24649742666625046,0.005537531218359523
16,25,28683,high_entropy,0.04504159854276337,0.17743109177498922,0.01824817518248175,0.06569343065693431,0.24514954344513173,0.005218408347072242
16,26,25980,high_entropy,0.0,0.06415747639036527,0.0,0.029197080291970802,0.24504512929371378,0.004436949317075821
16,27,11144,high_entropy,0.0,0.0578375967749714,0.0,0.025547445255474453,0.22819779747659577,0.00783907611136888
16,28,1710,low_entropy,0.08122935956411988,0.007631075643274906,0.032846715328467155,0.0036496350364963502,-0.225501998715224,0.01046537466435699
16,29,17016,high_entropy,0.007731572554929413,0.08053815277823567,0.0036496350364963502,0.032846715328467155,0.22512751183519908,0.01046537466435699
16,30,29981,low_entropy,0.32298167430571395,0.1579335771337913,0.13138686131386862,0.06204379562043796,-0.22331267516775463,0.006860468443592139
16,31,3461,low_entropy,0.25924937220385474,0.11825400634403646,0.10948905109489052,0.051094890510948905,-0.22033780869278619,0.01114859594134125
16,32,12601,low_entropy,0.24353033782791916,0.11306195711567454,0.10583941605839416,0.051094890510948905,-0.21400410697446912,0.015069293132893938
16,33,23582,high_entropy,0.023904943118130205,0.11046270471419731,0.010948905109489052,0.043795620437956206,0.21279695003219296,0.01787836132478496
16,34,2644,high_entropy,0.0,0.04999420938700655,0.0,0.021897810218978103,0.21078300866566976,0.013924039708652353
16,35,10516,low_entropy,0.10825330584588712,0.025655628120812186,0.043795620437956206,0.010948905109489052,-0.2055994699642903,0.018250726239692858
16,36,32486,low_entropy,0.3200407498074274,0.17732875103498028,0.145985401459854,0.08029197080291971,-0.20548865325293816,0.01506980860554662
16,37,9287,low_entropy,0.7498741619778375,0.5109416229011369,0.2518248175182482,0.18613138686131386,-0.19412006101361748,0.0372759527403971
16,38,2917,low_entropy,1.2332694208534964,0.9415500416372814,0.3905109489051095,0.33211678832116787,-0.19127155617701136,0.038626261241792144
16,39,3448,low_entropy,0.0473775663515077,0.0,0.01824817518248175,0.0,-0.1906892649935516,0.02492129520005121
16,40,9465,low_entropy,0.945943701876341,0.6902319601852528,0.3175182481751825,0.2518248175182482,-0.19016597557883913,0.0365625048833132
16,41,15955,high_entropy,0.398869640635748,0.5838363066206883,0.16423357664233576,0.24452554744525548,0.1897551823604867,0.030029303222443987
16,42,17060,low_entropy,0.16167483190550422,0.05429646133506385,0.058394160583941604,0.01824817518248175,-0.18710096495948075,0.014985366648886661
16,43,10281,high_entropy,0.04390596995388504,0.12408819076788687,0.01824817518248175,0.051094890510948905,0.1801104520922367,0.03513471399433854
16,44,10378,low_entropy,3.7940052251746184,3.662519931793213,0.9854014598540146,1.0,-0.17290563009399817,0.009818720265022845
16,45,691,high_entropy,0.0,0.03272530458269328,0.0,0.014598540145985401,0.17199730415278713,0.04510644254882337
16,46,24259,high_entropy,0.0,0.03213059815177082,0.0,0.014598540145985401,0.1719158846181106,0.04510644254882337
16,47,25600,high_entropy,0.0,0.0352502269466428,0.0,0.014598540145985401,0.1713853879179603,0.04510644254882337
16,48,14284,high_entropy,0.0,0.04194660517421082,0.0,0.014598540145985401,0.17052566642392933,0.04510644254882337
16,49,228,low_entropy,0.20512047562285932,0.10777859705207991,0.09124087591240876,0.04744525547445255,-0.16990955943612654,0.04620967523147534
16,50,10513,high_entropy,0.06865434925051501,0.14386797734420664,0.029197080291970802,0.06204379562043796,0.15419588948667737,0.06830242797653654
16,51,28170,low_entropy,0.1020246526620684,0.04077281308000105,0.043795620437956206,0.01824817518248175,-0.153128759479719,0.08155799733165886
16,52,16196,low_entropy,0.023502355944501223,0.0,0.010948905109489052,0.0,-0.14877778705465536,0.08307660721732395
16,53,30259,high_entropy,0.0,0.022790497236878333,0.0,0.010948905109489052,0.1487566264539257,0.08307660721732395
16,54,2838,high_entropy,0.0,0.02345920044140224,0.0,0.010948905109489052,0.14871814879847767,0.08307660721732395
16,55,26126,low_entropy,0.024184957037876993,0.0,0.010948905109489052,0.0,-0.14870135964548034,0.08307660721732395
16,56,27880,high_entropy,0.0,0.027513153361578058,0.0,0.010948905109489052,0.14863041119800266,0.08307660721732395
16,57,12555,high_entropy,0.0,0.024630099317453205,0.0,0.010948905109489052,0.148627523891697,0.08307660721732395
16,58,30866,high_entropy,0.0,0.025026855677583792,0.0,0.010948905109489052,0.14854029231628357,0.08307660721732395
16,59,11152,low_entropy,0.02518763855425981,0.0,0.010948905109489052,0.0,-0.14744584576652056,0.08307660721732395
16,60,14271,high_entropy,0.0,0.028891463349335386,0.0,0.010948905109489052,0.14468644389923602,0.08307660721732395
16,61,6474,low_entropy,0.1353595456937804,0.06681666234984016,0.05474452554744526,0.029197080291970802,-0.14118406488392035,0.1274192558169324
16,62,9245,low_entropy,0.07216737218146776,0.02582031618939699,0.029197080291970802,0.010948905109489052,-0.13496424505726345,0.12566557864478825
16,63,18058,low_entropy,0.11224363146037081,0.056217920171083326,0.04744525547445255,0.021897810218978103,-0.1251475547889986,0.10783963196655347
16,64,31888,low_entropy,3.688097301190787,3.5147599712775572,0.9671532846715328,0.9379562043795621,-0.12415248140519473,0.23241975179043073
16,65,11877,high_entropy,0.05152713904415604,0.10772941756422502,0.021897810218978103,0.040145985401459854,0.12396511124219846,0.21413069920256977
16,66,22416,low_entropy,0.03387606317979576,0.007703982130454405,0.014598540145985401,0.0036496350364963502,-0.12061535028578962,0.17759620288212652
16,67,14376,low_entropy,0.20704129229496865,0.12966860036780364,0.08029197080291971,0.051094890510948905,-0.120297132375844,0.17578446686988425
16,68,6985,high_entropy,0.007710083557741485,0.03338140466787519,0.0036496350364963502,0.014598540145985401,0.11971185023333888,0.17759620288212652
16,69,6975,low_entropy,2.732794118623664,2.683472664686885,0.9963503649635036,0.9817518248175182,-0.11913292880070318,0.3085907477025327
16,70,27693,low_entropy,3.0924069376757544,3.0179572749311907,0.9854014598540146,0.9744525547445255,-0.11651352906016851,0.18429840696440902
16,71,12350,high_entropy,0.05937426455699615,0.10998999985465169,0.025547445255474453,0.04744525547445255,0.1159498397528364,0.17532590462735276
16,72,31539,low_entropy,0.03836174602926212,0.010202822023934691,0.014598540145985401,0.0036496350364963502,-0.10806896016406424,0.17971250021687757
16,73,21985,high_entropy,0.007771913152541558,0.030133510158009774,0.0036496350364963502,0.010948905109489052,0.10073522899668105,0.3142208824045375
16,74,24453,high_entropy,0.297972151832859,0.3777262929582248,0.12408759124087591,0.14963503649635038,0.09298181533135996,0.3304959689874659
16,75,16012,high_entropy,0.04101654560896602,0.07339143230967278,0.01824817518248175,0.032846715328467155,0.0914180957892438,0.27582060676321507
16,76,3379,low_entropy,0.023720678621835082,0.00756874658765584,0.010948905109489052,0.0036496350364963502,-0.08859837655873105,0.3142208824045375
16,77,22720,low_entropy,2.7963669970087763,2.720154589980188,0.9416058394160584,0.9343065693430657,-0.08619281060371538,0.30077939159226186
16,78,5640,high_entropy,0.0712336206088101,0.11003159084459291,0.029197080291970802,0.04744525547445255,0.08478900741994613,0.26958547855568005
16,79,28588,high_entropy,0.008052336908604976,0.02325887401608655,0.0036496350364963502,0.010948905109489052,0.08331340341284595,0.31775327518850016
16,80,4950,low_entropy,0.11903447739399263,0.08081180248817388,0.051094890510948905,0.032846715328467155,-0.07940782893829526,0.3006059938634805
16,81,16656,high_entropy,0.04670317503657654,0.07719768659911887,0.01824817518248175,0.032846715328467155,0.0792655789207274,0.28639393099424726
16,82,29799,low_entropy,0.12779154394664904,0.0916844884844592,0.05474452554744526,0.0364963503649635,-0.07113313185498264,0.3098197385590562
16,83,20882,high_entropy,0.01726468984227981,0.0321090830503589,0.0072992700729927005,0.014598540145985401,0.06312145962794635,0.416359096149972
16,84,9051,low_entropy,0.08227354070565997,0.06013506259361323,0.032846715328467155,0.025547445255474453,-0.05352965172507119,0.6070238356781629
16,85,21630,high_entropy,0.05730435360957236,0.07349780441200646,0.025547445255474453,0.032846715328467155,0.0428169612035157,0.6109091914477534
16,86,6740,low_entropy,0.03371524549748776,0.023652372569063284,0.014598540145985401,0.010948905109489052,-0.0397349850495843,0.7008261943629777
16,87,6312,low_entropy,2.2720289656715673,2.221020378335549,0.7773722627737226,0.7372262773722628,-0.037294064008372395,0.8103731281390837
16,88,32314,high_entropy,0.8206702087917467,0.8597761209863816,0.33941605839416056,0.33941605839416056,0.03273814106515195,0.6743378888668503
16,89,9816,high_entropy,0.3677451584460962,0.3933702063386458,0.14233576642335766,0.14233576642335766,0.02665063431108601,0.9264080547109627
16,90,20903,low_entropy,0.03119230966498382,0.02463279675393209,0.014598540145985401,0.010948905109489052,-0.026640560050990695,0.7008261943629777
16,91,4474,low_entropy,0.17281868248960397,0.15745403905854607,0.06934306569343066,0.06569343065693431,-0.024840326785406604,0.844121360370533
16,92,1109,low_entropy,0.8763909331203377,0.85192895022622,0.354014598540146,0.34306569343065696,-0.02040259202871783,0.9113560872176477
16,93,19535,low_entropy,0.04206609029839509,0.035958237891649675,0.01824817518248175,0.014598540145985401,-0.01997861580606399,0.7324184698585474
16,94,26274,high_entropy,0.10367083810541751,0.11185647710396425,0.040145985401459854,0.04744525547445255,0.01612407918366354,0.7126681490178878
20,0,28843,high_entropy,1.1345442559597265,4.747059525364507,0.4562043795620438,1.0,3.3515667049981674,2.326616515779429e-91
20,1,28406,low_entropy,2.151294518126188,0.007180378384833788,0.8503649635036497,0.0036496350364963502,-3.099427753301595,2.5576814413783206e-81
20,2,9495,high_entropy,16.5614776715745,19.177516919853044,1.0,1.0,1.9365580857785525,5.881650222826005e-64
20,3,1024,low_entropy,1.8167212348784842,0.40253199626059427,0.6277372262773723,0.16423357664233576,-1.1520375789858053,9.587122497903823e-32
20,4,4945,low_entropy,1.7352884007196356,0.5878952028107469,0.6204379562043796,0.2518248175182482,-0.9156895165509353,2.864181166979176e-23
20,5,7773,high_entropy,0.04488321725469436,0.7885864259552782,0.021897810218978103,0.33941605839416056,0.9122696124317625,2.3471290812572667e-22
20,6,11280,high_entropy,3.0041427842892,3.7798842548453897,0.9343065693430657,0.9963503649635036,0.8753817411575,1.9538025299327823e-22
20,7,8966,low_entropy,1.2713684252578847,0.3175979130459528,0.4708029197080292,0.13503649635036497,-0.8311411596048361,1.2438461857464067e-19
20,8,11493,high_entropy,1.5065572740387743,2.4245897287869975,0.5474452554744526,0.8175182481751825,0.6796258832910724,9.021633298678538e-14
20,9,10682,low_entropy,2.1526502988634317,0.7234696132423234,0.35766423357664234,0.24087591240875914,-0.6321474132883171,3.9984104333909295e-07
20,10,5737,low_entropy,5.272798057890286,4.912164853437104,1.0,1.0,-0.5879139714174404,2.948612520651056e-10
20,11,3466,low_entropy,0.5746379572979725,0.10289662815358518,0.21532846715328466,0.040145985401459854,-0.5373769921135223,7.401514524564623e-10
20,12,6692,high_entropy,2.24482590743225,2.5928838618480374,0.916058394160584,0.9708029197080292,0.5340982295899463,1.0405953188810815e-14
20,13,30188,low_entropy,2.288434740400662,1.7788060533739354,0.8905109489051095,0.7518248175182481,-0.5294158040528953,2.1738685354807403e-14
20,14,2794,low_entropy,2.131328147693272,1.3183981889355791,0.6532846715328468,0.46715328467153283,-0.5080001259057962,1.878798017622424e-09
20,15,32003,high_entropy,0.060488968434995107,0.3889351604628737,0.029197080291970802,0.17153284671532848,0.49927147550309603,1.781933236866066e-08
20,16,32596,low_entropy,0.4702780603492347,0.1051371776274521,0.20437956204379562,0.04744525547445255,-0.4909705758908008,2.337721088083048e-08
20,17,3860,low_entropy,1.4400553477071498,0.9337311748170505,0.6094890510948905,0.40875912408759124,-0.4378556216535449,2.6677126541511934e-07
20,18,30990,low_entropy,0.28460682874178367,0.03190852777801291,0.11678832116788321,0.014598540145985401,-0.4284558311117349,1.2153065379026897e-06
20,19,23739,low_entropy,3.1404541173990626,2.726258848705431,0.9635036496350365,0.9014598540145985,-0.4249063015204759,3.666755051396421e-07
20,20,13445,low_entropy,0.17726295968911943,0.0,0.07664233576642336,0.0,-0.4061998467167515,3.060375552165491e-06
20,21,21338,high_entropy,0.008755209672189977,0.182485914578403,0.0036496350364963502,0.08759124087591241,0.4043893123111317,2.792882282348994e-06
20,22,12536,high_entropy,2.4149133867590966,2.9881197322894186,0.7737226277372263,0.8759124087591241,0.40190231170149576,1.922857791249525e-06
20,23,3982,low_entropy,0.24198273672674694,0.03670914590793804,0.11313868613138686,0.01824817518248175,-0.3974513887142997,5.635150619061836e-06
20,24,8578,low_entropy,0.1730262249925711,0.0,0.06934306569343066,0.0,-0.37981874338645727,9.394109244681818e-06
20,25,32434,high_entropy,0.1152702230606636,0.36690324457892537,0.05474452554744526,0.1678832116788321,0.37371515230923436,1.959627409640454e-05
20,26,11348,low_entropy,0.23658022306261273,0.04227983255455964,0.10948905109489052,0.01824817518248175,-0.3676353674133368,1.5051532725921584e-05
20,27,2898,low_entropy,1.0262609137235768,0.6442771671462233,0.39416058394160586,0.2846715328467153,-0.3257037624772467,6.293881161532598e-05
20,28,5060,low_entropy,0.11908121222127092,0.0,0.051094890510948905,0.0,-0.32487153328841933,0.00015338723081487782
20,29,15220,low_entropy,0.22224657639969875,0.053349359192117286,0.10218978102189781,0.025547445255474453,-0.32268739755492776,0.00022081916487478055
20,30,26100,low_entropy,0.3436378658252911,0.13024090328355775,0.15693430656934307,0.06204379562043796,-0.31831734784454185,0.0002830107567359713
20,31,31280,low_entropy,0.5010907771813609,0.23088587983681338,0.1897810218978102,0.09854014598540146,-0.30099548831671963,0.0009740686588761818
20,32,17104,high_entropy,0.032566008776643854,0.170105966338276,0.014598540145985401,0.07664233576642336,0.2988084242657177,0.0005191966078511818
20,33,7104,low_entropy,0.11970774709743305,0.007545602582666996,0.04744525547445255,0.0036496350364963502,-0.28424193996130453,0.001147975861624177
20,34,12952,low_entropy,7.743875813310164,7.486167900753717,1.0,1.0,-0.283636099156889,0.002774397990891323
20,35,1483,high_entropy,0.0,0.08360926948324607,0.0,0.0364963503649635,0.2726820196568515,0.0014361958925894153
20,36,11446,low_entropy,0.15669257797463967,0.03211768004145935,0.06204379562043796,0.014598540145985401,-0.2635128332530894,0.0034164075481073392
20,37,5039,low_entropy,0.397119880592736,0.18253269943877728,0.14233576642335766,0.072992700729927,-0.24874930569640924,0.007717490810163186
20,38,19005,low_entropy,0.4338062518704547,0.2468988464696564,0.19708029197080293,0.11313868613138686,-0.23562875621117255,0.007112767337308153
20,39,3152,low_entropy,0.052071514790945676,0.0,0.025547445255474453,0.0,-0.2288737713356954,0.00783907611136888
20,40,5868,low_entropy,0.05821095069829565,0.0,0.025547445255474453,0.0,-0.22777725251572403,0.00783907611136888
20,41,21257,high_entropy,0.0537678586305493,0.16129370153385358,0.021897810218978103,0.06934306569343066,0.21717836827139772,0.008453541409794865
20,42,15000,high_entropy,0.0,0.04670040885897449,0.0,0.021897810218978103,0.21126752812621222,0.013924039708652353
20,43,13698,low_entropy,0.03794647655347838,0.0,0.01824817518248175,0.0,-0.19249096367673618,0.02492129520005121
20,44,20359,low_entropy,0.04232434939293966,0.0,0.01824817518248175,0.0,-0.1906426591342934,0.02492129520005121
20,45,10149,low_entropy,1.0595574083119412,0.8145070889570417,0.3722627737226277,0.35036496350364965,-0.19010526413333392,0.04233780491463114
20,46,3841,low_entropy,0.06650980110586124,0.014550412658357272,0.032846715328467155,0.0072992700729927005,-0.18413767076428333,0.03289789644485899
20,47,21614,low_entropy,0.07069865021392377,0.01593882585093923,0.032846715328467155,0.0072992700729927005,-0.1814962061706675,0.03344801085212395
20,48,31295,low_entropy,0.031514186928742124,0.0,0.014598540145985401,0.0,-0.1713531938751478,0.04510644254882337
20,49,5933,high_entropy,1.018543782025358,1.366353766761557,0.17518248175182483,0.3759124087591241,0.16778031645825742,0.00020868576145639133
20,50,17925,low_entropy,0.5903387496071141,0.4413794105070351,0.2591240875912409,0.19343065693430658,-0.15543863414627507,0.06812481821393826
20,51,11689,low_entropy,0.46174600785666137,0.3137994761014507,0.16058394160583941,0.13138686131386862,-0.1524679854339451,0.20033243161531977
20,52,28950,high_entropy,0.029557376012314847,0.08254031543314022,0.014598540145985401,0.0364963503649635,0.15139226538448608,0.10191888779181564
20,53,2736,low_entropy,0.022456833915988895,0.0,0.010948905109489052,0.0,-0.14876237437331655,0.08307660721732395
20,54,21673,low_entropy,0.03944126184839402,0.007474243205829258,0.01824817518248175,0.0036496350364963502,-0.1429988249815108,0.10152972620476049
20,55,20838,low_entropy,0.10400119880690192,0.049384290284483975,0.04744525547445255,0.021897810218978103,-0.13473387728077243,0.10562069495701953
20,56,13319,high_entropy,0.022643977708190027,0.06219291861039879,0.010948905109489052,0.029197080291970802,0.13336822983083937,0.12843185358055545
20,57,26343,low_entropy,0.04964770104763282,0.01469697482394476,0.021897810218978103,0.0072992700729927005,-0.13068358206406186,0.15352351113793003
20,58,11181,low_entropy,1.6143633292539277,1.4702427883217806,0.656934306569343,0.6204379562043796,-0.12088460828492993,0.09798100806426914
20,59,21513,low_entropy,0.03212539122922577,0.007413333349854407,0.014598540145985401,0.0036496350364963502,-0.11978310058114401,0.17759620288212652
20,60,30267,high_entropy,0.022220345309180933,0.05405793398836233,0.010948905109489052,0.025547445255474453,0.11379733708791008,0.1989023009920905
20,61,24596,low_entropy,0.042739492263237054,0.014714044376011313,0.01824817518248175,0.0072992700729927005,-0.10913822798294144,0.2502088532247745
20,62,8190,low_entropy,0.03915402576001021,0.014564984906328855,0.01824817518248175,0.0072992700729927005,-0.10398981967387327,0.2502088532247745
20,63,17884,high_entropy,0.026391085046921333,0.058318672389009577,0.010948905109489052,0.025547445255474453,0.10209550885349099,0.20382782874709704
20,64,16466,low_entropy,2.394603143643289,2.321160328649256,0.9306569343065694,0.916058394160584,-0.09749230471880385,0.15050269017566872
20,65,13548,low_entropy,0.023652758911578326,0.007644737723970065,0.010948905109489052,0.0036496350364963502,-0.08763630751574963,0.3159838380981891
20,66,10936,low_entropy,0.022105302253778835,0.007281839412494297,0.010948905109489052,0.0036496350364963502,-0.08657645117398272,0.3159838380981891
20,67,19923,low_entropy,0.1296815585045919,0.08785651156502049,0.051094890510948905,0.040145985401459854,-0.0833359657999425,0.4928564188442466
20,68,4017,high_entropy,0.010318008652568733,0.0277414461121942,0.0036496350364963502,0.010948905109489052,0.07770018101658047,0.31775327518850016
20,69,19391,high_entropy,1.3691933946887942,1.5327243382913354,0.22992700729927007,0.42700729927007297,0.07285500467524327,0.01039849872036368
20,70,12165,low_entropy,2.6465727125641205,2.3900384842044247,0.2664233576642336,0.4927007299270073,-0.068798401189199,0.012955725384891198
20,71,21432,high_entropy,0.14911118215017946,0.18536486938922075,0.06569343065693431,0.08029197080291971,0.060096407897793844,0.5178369919847077
20,72,6019,high_entropy,0.05186154590035877,0.07003873108077223,0.025547445255474453,0.032846715328467155,0.05163772695385831,0.5928729503489258
20,73,16200,low_entropy,0.024476493362092625,0.015669204022762548,0.010948905109489052,0.0072992700729927005,-0.04192064903043439,0.6547208499784654
20,74,2142,low_entropy,1.0962222762351488,1.0526969228347722,0.44525547445255476,0.43795620437956206,-0.0353477980993106,0.6563168242119573
20,75,28399,high_entropy,4.628463979185063,4.658742929027028,1.0,1.0,0.03416620839266425,0.4678377771334149
20,76,1425,high_entropy,0.7632212517035268,0.7748935666397541,0.3029197080291971,0.30656934306569344,0.009808811933554406,0.932713530650031
20,77,32545,low_entropy,0.3846295454206258,0.38009428847445187,0.145985401459854,0.15693430656934307,-0.004922299484740656,0.8684212545049459
24,0,18192,high_entropy,1.6071125669200925,6.178910535617466,0.6021897810218978,1.0,3.691860632037645,4.094304700741461e-91
24,1,29371,high_entropy,20.749924729340268,24.307412843634612,1.0,1.0,2.3197910875156174,4.6577638600368596e-74
24,2,31033,low_entropy,1.1050694497832416,0.05749792774228284,0.5036496350364964,0.029197080291970802,-1.2749528264692005,3.256975045458557e-36
24,3,7967,low_entropy,2.000201635552149,0.8494011703198844,0.7883211678832117,0.36496350364963503,-1.0159110200072914,3.775722088571228e-26
24,4,18168,low_entropy,0.8345817179575453,0.028484931392391232,0.3686131386861314,0.014598540145985401,-0.9984807034829019,5.537767621308009e-26
24,5,27356,high_entropy,0.0,0.6474142783749712,0.0,0.3029197080291971,0.9228847974628582,7.841275900474358e-23
24,6,1302,high_entropy,3.964908706880834,4.424845422271394,1.0,1.0,0.9070875919327723,4.2541639466629464e-21
24,7,13232,high_entropy,1.1496220235406918,2.517358385298374,0.3175182481751825,0.8138686131386861,0.8799212308927519,6.077218184114371e-16
24,8,12254,high_entropy,2.6056796477658906,3.1022947134762786,0.9562043795620438,0.9927007299270073,0.7843710879424152,2.3125772019204324e-21
24,9,1991,low_entropy,1.9865700241423,1.0681483149528503,0.7226277372262774,0.4927007299270073,-0.7606144064736787,1.1759641924689036e-22
24,10,18010,low_entropy,0.4575395362220541,0.006831605939099389,0.21532846715328466,0.0036496350364963502,-0.7177397301381724,2.1794902232382415e-15
24,11,11052,high_entropy,1.7611242837279382,2.6407538530600334,0.5948905109489051,0.9197080291970803,0.6835493042916094,3.1493499685700894e-09
24,12,881,low_entropy,0.39892230938820944,0.007849084199780094,0.1897810218978102,0.0036496350364963502,-0.6564851641663438,2.1122347888450907e-13
24,13,27880,low_entropy,1.7867956587868015,0.6150877092876573,0.35766423357664234,0.22262773722627738,-0.6171613970398148,5.846732501781918e-08
24,14,741,high_entropy,4.137937041094704,4.515485695678822,1.0,1.0,0.5423135682582876,4.811939994147526e-11
24,15,11392,high_entropy,1.7247159681180968,2.4155652392519653,0.583941605839416,0.9051094890510949,0.5229912348173439,3.749909890299513e-09
24,16,4121,high_entropy,0.46051386238014613,0.9899094713865405,0.2116788321167883,0.4416058394160584,0.5181369944926885,5.050805370708621e-09
24,17,1872,low_entropy,0.425033834293811,0.05520566014477806,0.17153284671532848,0.025547445255474453,-0.517426589803877,6.8390932450807925e-09
24,18,16312,high_entropy,0.38444678670298443,0.8701629577762019,0.17518248175182483,0.3905109489051095,0.49445433047973303,2.1584306781251824e-08
24,19,9341,low_entropy,0.22223968880019918,0.0,0.10583941605839416,0.0,-0.4849277890462025,3.292858840060693e-08
24,20,29292,high_entropy,0.5973562998493223,1.0546840377097582,0.2664233576642336,0.49635036496350365,0.4418146614312599,1.4719111007880703e-05
24,21,13311,low_entropy,0.9601247828372204,0.4952000810282074,0.3978102189781022,0.22992700729927007,-0.4319329034153958,4.1481306427762007e-07
24,22,965,low_entropy,0.2533822742691875,0.028320322071548797,0.11678832116788321,0.014598540145985401,-0.4297177600048076,1.1261744858004095e-06
24,23,11709,low_entropy,0.2450924876832614,0.02838221301127524,0.11678832116788321,0.014598540145985401,-0.4248848515979712,1.2386282309470417e-06
24,24,32619,low_entropy,0.21645091832989324,0.021545873071155408,0.10583941605839416,0.010948905109489052,-0.4144080179604113,2.208149605692318e-06
24,25,12951,low_entropy,0.6371336492308735,0.267791172448736,0.27007299270072993,0.13138686131386862,-0.41169359737161326,3.9445709771889785e-06
24,26,8152,low_entropy,1.1659521377869766,0.5951087870737062,0.2518248175182482,0.23357664233576642,-0.35158928552655894,0.03797743116784385
24,27,13002,low_entropy,0.13511722975403723,0.01459403934269926,0.06204379562043796,0.0072992700729927005,-0.3047587361598746,0.00045160387355734123
24,28,9447,low_entropy,0.21223529237900338,0.06505303313262271,0.10583941605839416,0.032846715328467155,-0.29203155450454477,0.0006767510994716646
24,29,14982,low_entropy,0.07276077035569796,0.0,0.0364963503649635,0.0,-0.27378109606225703,0.0014361958925894153
24,30,22248,low_entropy,1.3971620389144785,1.122740013756021,0.635036496350365,0.5109489051094891,-0.2499760003416167,0.005895019368038848
24,31,10509,low_entropy,0.06042807554676585,0.0,0.029197080291970802,0.0,-0.24480009664138305,0.004436949317075821
24,32,22597,low_entropy,0.16597720349792147,0.05201462585560597,0.07664233576642336,0.025547445255474453,-0.2420417599586595,0.0064566611251510855
24,33,17860,low_entropy,0.48746078771396273,0.2997840682085413,0.21897810218978103,0.1386861313868613,-0.22116146711435336,0.010393746701108713
24,34,25085,low_entropy,2.6527466095276995,2.55815948535056,0.9890510948905109,0.9927007299270073,-0.21748898628673863,0.0006346973423009021
24,35,12132,high_entropy,0.3751232245542707,0.5641035807393763,0.17153284671532848,0.2737226277372263,0.2154305355296413,0.020456443386279752
24,36,3838,low_entropy,0.44426902671800045,0.26683391532758727,0.19708029197080293,0.12043795620437957,-0.21510694413520007,0.011976576416758627
24,37,27223,low_entropy,0.3206677702221557,0.17971157331536286,0.15693430656934307,0.09124087591240876,-0.21231111851349846,0.015785335232561152
24,38,31508,high_entropy,0.0,0.04691833257675171,0.0,0.021897810218978103,0.20999531554496814,0.013924039708652353
24,39,10624,low_entropy,0.7623108990871124,0.5694697090309032,0.354014598540146,0.2737226277372263,-0.19483165853522688,0.03517026564061999
24,40,10068,low_entropy,0.03716599593197342,0.0,0.01824817518248175,0.0,-0.1925108673969749,0.02492129520005121
24,41,3619,low_entropy,0.03610271607002202,0.0,0.01824817518248175,0.0,-0.19232196369720894,0.02492129520005121
24,42,2017,low_entropy,1.0037676008948444,0.7111315544504319,0.22627737226277372,0.2737226277372263,-0.18690820793051618,0.7166163630069546
24,43,3424,high_entropy,0.1336645723259362,0.24063738854262082,0.06569343065693431,0.11678832116788321,0.18089091016194928,0.034840539215039074
24,44,2871,low_entropy,1.9777957849258925,1.86002054266686,0.8795620437956204,0.8503649635036497,-0.14947922555234955,0.006131727517666229
24,45,30704,low_entropy,0.020550985405914976,0.0,0.010948905109489052,0.0,-0.14873936429659318,0.08307660721732395
24,46,197,high_entropy,0.0,0.02096165227193902,0.0,0.010948905109489052,0.14872306591141046,0.08307660721732395
24,47,20074,high_entropy,0.0,0.02196992009225553,0.0,0.010948905109489052,0.14845203265386572,0.08307660721732395
24,48,9581,low_entropy,0.03707031263922253,0.006636970669683748,0.01824817518248175,0.0036496350364963502,-0.1463438110929518,0.09966846215485523
24,49,5015,low_entropy,0.25047552846644044,0.16358373069415127,0.12408759124087591,0.08029197080291971,-0.1412979794196752,0.09829647596490454
24,50,24113,high_entropy,0.18567171801615806,0.279544368277501,0.09124087591240876,0.12773722627737227,0.14046625363641022,0.1520179683976033
24,51,12466,low_entropy,1.338088752579515,1.1775840947227756,0.5255474452554745,0.49635036496350365,-0.1263032967400768,0.09033936852160684
24,52,96,low_entropy,0.02806471690644313,0.007413738835467039,0.014598540145985401,0.0036496350364963502,-0.11176674383141784,0.17971250021687757
24,53,6573,high_entropy,0.1123751462811101,0.16383504084426992,0.05474452554744526,0.08029197080291971,0.09997404285965424,0.2373612467139894
24,54,28332,low_entropy,0.02158588693089729,0.006887635610399455,0.010948905109489052,0.0036496350364963502,-0.08854800753676581,0.3142208824045375
24,55,6551,high_entropy,0.007323989902969694,0.020528079384434832,0.0036496350364963502,0.010948905109489052,0.08131202796107566,0.31952919371879407
24,56,16705,low_entropy,3.78014131271056,3.743002732304761,1.0,1.0,-0.07555751255828991,0.4550363100378788
24,57,12793,low_entropy,0.46071940834504843,0.4069283065134591,0.20802919708029197,0.19343065693430658,-0.06154334819014359,0.5361931816627312
24,58,26288,low_entropy,0.09050288470122066,0.06640297348481895,0.0364963503649635,0.029197080291970802,-0.05526232786274835,0.614152324949469
24,59,14704,high_entropy,0.015162233018527066,0.025512973757555884,0.0072992700729927005,0.010948905109489052,0.04852737339431029,0.6499971351412362
24,60,4307,low_entropy,1.3565262038342274,1.3140230226690752,0.5985401459854015,0.5912408759124088,-0.037613094208764825,0.47109795902112306
24,61,26573,high_entropy,0.02614017124593693,0.032739147652674765,0.010948905109489052,0.014598540145985401,0.02539583295471494,0.709067139029014
24,62,6463,high_entropy,0.8075797235878714,0.8370432457784667,0.16423357664233576,0.291970802919708,0.018274158076791513,0.027182601500419575
24,63,27940,low_entropy,0.02437856119044506,0.022397476826271003,0.010948905109489052,0.010948905109489052,-0.00883547824134455,1.0
24,64,32108,low_entropy,0.029707866863612712,0.029595067901332883,0.014598540145985401,0.014598540145985401,-0.000458717460579105,0.9968915346175663
28,0,7037,high_entropy,0.2137419485697781,3.6400884080977334,0.10583941605839416,0.9927007299270073,4.600148767389167,1.8075534300657518e-97
28,1,5890,high_entropy,0.10146623414798375,2.3830144379260765,0.05474452554744526,0.9124087591240876,3.4278198410127096,1.515128510319673e-86
28,2,26609,low_entropy,1.9408396887083124,0.0,0.8686131386861314,0.0,-3.3933799068063952,3.500595840851556e-84
28,3,19290,high_entropy,3.34595802752641,4.423684556118763,1.0,1.0,2.208870850254503,1.5555313590683467e-71
28,4,21103,high_entropy,0.0,1.5373560059679685,0.0,0.7116788321167883,2.146978332601695,1.2485915546468774e-63
28,5,23202,low_entropy,1.4018254893539597,0.043497996608706284,0.5948905109489051,0.021897810218978103,-1.547869410850984,9.801576629636084e-47
28,6,27949,low_entropy,3.7403510391277117,3.3122085881059187,1.0,1.0,-1.2908303490646031,2.3692469596956148e-39
28,7,9966,high_entropy,27.336153851808422,28.858844297645735,1.0,1.0,1.1781533086808762,3.5326338673296684e-33
28,8,6180,low_entropy,2.7037193079064363,1.9399332791349313,0.9781021897810219,0.864963503649635,-1.0640909621647494,4.1339204414999223e-42
28,9,22459,high_entropy,0.9729054091620619,2.5149551886711676,0.2773722627737226,0.8540145985401459,1.0187400433314415,3.435600733325402e-28
28,10,32593,high_entropy,0.2662198478288024,1.122138619857983,0.14233576642335766,0.5547445255474452,0.9990420729319371,2.47321667982885e-26
28,11,13351,high_entropy,1.2084828484667478,2.5997912274659987,0.2773722627737226,0.8102189781021898,0.789438544627575,1.8460237593360892e-16
28,12,28733,high_entropy,0.4690072027436138,1.2655969658037172,0.21897810218978103,0.572992700729927,0.7842529482021724,3.10447731519897e-17
28,13,6681,low_entropy,0.4473768624946149,0.040361811209769144,0.23357664233576642,0.021897810218978103,-0.6708435963918266,9.531983872465732e-14
28,14,13440,low_entropy,1.641576972321002,0.5653738188047479,0.35766423357664234,0.24087591240875914,-0.6248700111729256,3.874358727803384e-07
28,15,3243,low_entropy,4.366069361241195,4.164974823485326,1.0,1.0,-0.5251655487121122,3.804954648183775e-09
28,16,9128,high_entropy,1.8739440584704823,2.779233905955823,0.4233576642335766,0.9197080291970803,0.5043892921999492,4.139602319504995e-06
28,17,23027,high_entropy,0.27705217974029317,0.7060047927564078,0.1386861313868613,0.3102189781021898,0.47052141516106255,1.913561746078087e-07
28,18,6726,low_entropy,0.7226635348187745,0.2491702328633218,0.22627737226277372,0.12043795620437957,-0.4451501830661889,4.3993386746349474e-05
28,19,18311,low_entropy,0.19435276080222025,0.006628283619010535,0.09854014598540146,0.0036496350364963502,-0.44191108471964097,4.620826080684871e-07
28,20,5096,high_entropy,1.3228119524726032,2.1383067961156805,0.26277372262773724,0.7627737226277372,0.4415053871745506,1.447289674660597e-11
28,21,2611,high_entropy,2.6093007165150053,2.8269878873859877,0.9854014598540146,0.9890510948905109,0.4241230669422646,4.671525353893402e-09
28,22,28538,low_entropy,0.8798684177607515,0.3789574469092989,0.2518248175182482,0.17518248175182483,-0.4088567524450542,0.0006445158699692423
28,23,6977,high_entropy,2.376091220953169,2.6006490396757194,0.9744525547445255,0.9854014598540146,0.3929489239779811,9.779291534378197e-08
28,24,28591,low_entropy,3.168055590051804,2.9104049053505388,0.9963503649635036,0.9963503649635036,-0.3889497315449777,0.0005110826577785998
28,25,21573,high_entropy,0.3395436319121479,0.6236816031219315,0.18248175182481752,0.32116788321167883,0.3454781761547614,3.115306370069202e-05
28,26,11501,low_entropy,1.4204953969830143,1.084573089641376,0.6788321167883211,0.5255474452554745,-0.32762725341043697,0.00010817724686147692
28,27,13621,low_entropy,0.08545854187359775,0.0,0.043795620437956206,0.0,-0.30171855408691944,0.0004685524286903084
28,28,30591,low_entropy,0.3418420039824326,0.14406131044791562,0.16058394160583941,0.072992700729927,-0.29561085009145516,0.0009192827654678479
28,29,27665,high_entropy,0.019194163980275174,0.11241787715549886,0.010948905109489052,0.06204379562043796,0.27821383226413815,0.0013022359206958437
28,30,5744,low_entropy,0.5850100656495477,0.30013278931596854,0.16423357664233576,0.13138686131386862,-0.2621769909554837,0.07437084090953658
28,31,10017,low_entropy,0.06387841179423089,0.0,0.032846715328467155,0.0,-0.25959624626557143,0.002520915484201231
28,32,14970,low_entropy,2.3272359436445864,2.1508287443731824,0.9306569343065694,0.9379562043795621,-0.2572972640065963,9.218293576579669e-08
28,33,7518,low_entropy,0.05302901642165915,0.0,0.029197080291970802,0.0,-0.24498459552045407,0.004436949317075821
28,34,14105,low_entropy,0.06160309236415111,0.0,0.029197080291970802,0.0,-0.2415325729565248,0.004436949317075821
28,35,20880,low_entropy,0.06082833857431899,0.0,0.029197080291970802,0.0,-0.23993287401873295,0.004436949317075821
28,36,19178,high_entropy,0.04804971966430219,0.13606804130721267,0.025547445255474453,0.072992700729927,0.21835802976659238,0.011357731543714951
28,37,20524,high_entropy,0.0,0.04161902892328527,0.0,0.021897810218978103,0.2110806517225629,0.013924039708652353
28,38,2324,low_entropy,0.13140134263212663,0.05017481494123918,0.06569343065693431,0.025547445255474453,-0.19544331492888978,0.024270063397509065
28,39,15561,high_entropy,0.03529366307014967,0.09240362417958949,0.01824817518248175,0.051094890510948905,0.16966253417056648,0.03883384573870744
28,40,5694,high_entropy,0.006601523308858384,0.045286459644345474,0.0036496350364963502,0.021897810218978103,0.16890001528226378,0.05686033859395456
28,41,28220,low_entropy,0.14646634524756105,0.0710868391677411,0.072992700729927,0.032846715328467155,-0.16216794813833008,0.04028724981497013
28,42,13750,high_entropy,0.0,0.025894292079619248,0.0,0.010948905109489052,0.14868216730380773,0.08307660721732395
28,43,17698,low_entropy,0.02053021340474595,0.0,0.010948905109489052,0.0,-0.14865133227116448,0.08307660721732395
28,44,23520,low_entropy,0.046986813092753835,0.013827364375121403,0.025547445255474453,0.0072992700729927005,-0.1411114556036333,0.09485300018200234
28,45,9472,high_entropy,0.06131160607303146,0.10369435757616141,0.032846715328467155,0.05474452554744526,0.10966687899939379,0.20546449105079778
28,46,3576,low_entropy,0.01953129568239198,0.007439140855830952,0.010948905109489052,0.0036496350364963502,-0.07679478567721217,0.31952919371879407
28,47,7829,low_entropy,0.03565819463590636,0.019331588797325636,0.01824817518248175,0.010948905109489052,-0.07217322436636614,0.4670829602617337
28,48,31247,low_entropy,0.1469702529211114,0.11451463281673237,0.08029197080291971,0.06204379562043796,-0.06862356876177539,0.42536013630708946
28,49,8586,low_entropy,0.42727484711765373,0.37291844526346585,0.20072992700729927,0.19343065693430658,-0.06645403136655595,0.5585470189282709
28,50,13271,high_entropy,0.06885508725242893,0.08593908235104415,0.0364963503649635,0.043795620437956206,0.044946942178876396,0.6482988829911152
28,51,6664,low_entropy,1.883210661637522,1.8542262211333227,0.8357664233576643,0.8211678832116789,-0.03203965797313844,0.7214794363916306
28,52,3368,high_entropy,0.014515184137943017,0.0200798407088231,0.0072992700729927005,0.010948905109489052,0.03083796100644341,0.661832363709477
31,0,395,low_entropy,2.4979936010646124,0.13491752025854847,0.9635036496350365,0.06934306569343066,-4.334809238387932,7.596470070808391e-94
31,1,28707,high_entropy,0.3382005878608592,2.961055454981588,0.16058394160583941,0.9635036496350365,3.352893250087108,1.5006143466197348e-87
31,2,23605,high_entropy,14.1440273445018,18.7377554691621,1.0,1.0,2.5655567586407635,6.691887428458315e-80
31,3,8870,high_entropy,0.5717861969975659,2.54547861240206,0.2116788321167883,0.9635036496350365,2.155469873908163,6.865526403073133e-53
31,4,16986,high_entropy,1.8673127180468427,3.2310105818901618,0.7518248175182481,0.9963503649635036,1.5349043292708031,1.3702304333327097e-59
31,5,1895,high_entropy,1.772062520041083,3.284215502060243,0.7299270072992701,0.9671532846715328,1.4933308856965897,3.932701252095271e-57
31,6,29457,high_entropy,3.5664353270600313,5.768710692868615,0.9306569343065694,0.9963503649635036,1.486859314876787,3.3042287548030283e-48
31,7,9926,high_entropy,1.5570090169454143,4.574522559225124,0.5328467153284672,0.8832116788321168,1.4845728380509529,1.6084521805500786e-46
31,8,11511,high_entropy,0.6660103754405557,1.9798542087095496,0.2773722627737226,0.8832116788321168,1.4096314474093294,9.661904083674423e-28
31,9,32511,high_entropy,0.8567218580385194,2.4330517636598463,0.32116788321167883,0.9087591240875912,1.4029408317997045,8.095888008266018e-37
31,10,30886,high_entropy,1.2163847993760213,2.621127059859951,0.5072992700729927,0.9525547445255474,1.3620386111055207,1.192855581639599e-38
31,11,29282,high_entropy,1.5183416805128112,2.9850363218001204,0.5583941605839416,0.9963503649635036,1.331009262390394,1.2218227021681541e-29
31,12,19864,high_entropy,0.8709272398565807,2.568526741361966,0.2518248175182482,0.8795620437956204,1.25278399335485,6.587997171868306e-29
31,13,15578,high_entropy,7.792934574349953,9.776081323623657,1.0,0.9963503649635036,1.2465134850684711,4.010236680874542e-39
31,14,16237,high_entropy,1.1498525064357006,2.279661821622918,0.46715328467153283,0.9635036496350365,1.1850983682140306,2.1034561547936273e-15
31,15,25773,high_entropy,1.092247720182377,2.7513324648794466,0.3029197080291971,0.8941605839416058,1.1431947939098543,1.16526521482713e-23
31,16,9078,high_entropy,6.275103867053986,8.969292349188867,0.9817518248175182,0.9890510948905109,1.0686960221356288,4.5369824598441625e-31
31,17,24405,high_entropy,4.528896596309912,5.754323217120484,0.9927007299270073,1.0,1.0416685423890228,2.7953669298376786e-28
31,18,27437,high_entropy,0.057934875905948834,0.8178003069258084,0.029197080291970802,0.3978102189781022,1.0055041570922512,1.28613060974197e-25
31,19,27217,low_entropy,0.8562532650293225,0.014871486347087109,0.354014598540146,0.0072992700729927005,-0.9871935396663962,8.194646862883234e-26
31,20,15962,high_entropy,2.133945728740553,3.552860072929494,0.708029197080292,0.916058394160584,0.860756419252111,1.9250236626534274e-19
31,21,32006,high_entropy,0.8156488120120807,1.7179227266868535,0.3795620437956204,0.718978102189781,0.8313565444972913,5.4404934564287025e-22
31,22,20182,high_entropy,0.08150982987271609,0.6476247345444059,0.040145985401459854,0.29927007299270075,0.7426948737132189,3.7799627654258837e-16
31,23,11551,low_entropy,1.9633011365458912,1.1462180018424988,0.781021897810219,0.5109489051094891,-0.7168749276363482,1.779423921677912e-16
31,24,31835,high_entropy,1.3351008944267775,2.379301627186963,0.3722627737226277,0.864963503649635,0.7164468620919876,1.0335286385022114e-07
31,25,5509,high_entropy,0.6091796707932966,1.4379652869092288,0.22627737226277372,0.6021897810218978,0.7023954222242865,1.987906907730754e-13
31,26,2354,high_entropy,1.3320174687100153,2.085133305866353,0.5620437956204379,0.8248175182481752,0.6632412068515371,4.5180853384070596e-14
31,27,2791,high_entropy,0.0,0.3176294499940246,0.0,0.16058394160583941,0.6165383324539032,5.1348736508196075e-12
31,28,18432,low_entropy,2.5908889657389507,2.0820602143767974,0.9781021897810219,0.8321167883211679,-0.5881192189205241,5.412173994905459e-09
31,29,29847,high_entropy,0.7182181716835412,1.293868723141886,0.3175182481751825,0.5656934306569343,0.5123172533146203,1.6899459738057413e-08
31,30,12933,high_entropy,0.306294738811298,0.8082304910151628,0.14233576642335766,0.3357664233576642,0.5110035189108583,1.2255130480162491e-08
31,31,16586,high_entropy,0.01358567493675399,0.23041792159532978,0.0072992700729927005,0.11678832116788321,0.4681810170538374,1.0155084431650071e-07
31,32,18891,high_entropy,0.04522456391884463,0.2897926347099081,0.021897810218978103,0.1386861313868613,0.4379716844098857,5.002863642548142e-07
31,33,23439,high_entropy,0.7316233633208449,1.1848312085562378,0.34306569343065696,0.5182481751824818,0.4104603663775006,1.3688141406672913e-06
31,34,4388,low_entropy,4.238322856652475,3.983489196665966,1.0,1.0,-0.35938750101125083,0.0380917212118294
31,35,24282,high_entropy,2.5161914446928204,2.922732317534676,0.864963503649635,0.916058394160584,0.35115747950049125,9.101094316492324e-07
31,36,11554,low_entropy,0.1150955923282317,0.0,0.058394160583941604,0.0,-0.3510731243385989,5.0245348976731855e-05
31,37,8144,low_entropy,3.816901272230775,3.6248737695443367,0.9963503649635036,1.0,-0.3020914440887526,1.9789804526757138e-05
31,38,4378,low_entropy,0.2954345802321051,0.09910943473342561,0.12408759124087591,0.043795620437956206,-0.29636578485528087,0.0005454293592011579
31,39,14852,high_entropy,0.9118663646878987,1.2542895365805522,0.3686131386861314,0.5437956204379562,0.2849894666550316,0.004417685053438856
31,40,26971,low_entropy,2.6562106283041684,2.229356270201885,0.8576642335766423,0.7664233576642335,-0.2827866923277078,0.0010283838106258509
31,41,6694,low_entropy,0.1392683926289969,0.012354659338067047,0.05474452554744526,0.0036496350364963502,-0.2825291728937196,0.00040129394235558473
31,42,16189,high_entropy,0.05823151908651756,0.2801731259283358,0.021897810218978103,0.08759124087591241,0.27845400572286866,0.0006893720989816384
31,43,18354,low_entropy,0.09242867292278875,0.007409924138201414,0.04744525547445255,0.0036496350364963502,-0.27786844237431524,0.0011967427886748242
31,44,1666,low_entropy,0.08703481106862535,0.007278735620261979,0.043795620437956206,0.0036496350364963502,-0.26543283200784656,0.002073728562400733
31,45,23377,low_entropy,0.10562547845562009,0.014443081660862387,0.051094890510948905,0.0072992700729927005,-0.2632346733611934,0.002390004417816447
31,46,30975,low_entropy,0.6654739197153244,0.4156060749596923,0.2846715328467153,0.18613138686131386,-0.25410820570878734,0.003589690827928364
31,47,25563,high_entropy,0.0,0.047378162397955455,0.0,0.025547445255474453,0.22895420171708458,0.00783907611136888
31,48,691,low_entropy,0.05433763813798445,0.0,0.025547445255474453,0.0,-0.22783901434081089,0.00783907611136888
31,49,2609,low_entropy,0.8338457441678012,0.5900386158567276,0.3357664233576642,0.2518248175182482,-0.21605491233143578,0.016559623525978673
31,50,792,low_entropy,0.13292524979932466,0.04185277528136316,0.05474452554744526,0.01824817518248175,-0.19887394089069702,0.022682312798753174
31,51,8482,low_entropy,1.9246889892285757,1.7094484846087268,0.7846715328467153,0.708029197080292,-0.19252829215348066,0.04703344739234269
31,52,17932,high_entropy,0.0,0.028095489000752025,0.0,0.014598540145985401,0.17201279230562347,0.04510644254882337
31,53,27263,high_entropy,0.0,0.03405898678911864,0.0,0.014598540145985401,0.17047122992454725,0.04510644254882337
31,54,2425,high_entropy,0.0,0.03832270063623024,0.0,0.014598540145985401,0.16866292285289322,0.04510644254882337
31,55,27045,low_entropy,0.05524562832212796,0.010632779476416372,0.025547445255474453,0.0036496350364963502,-0.1638954160355415,0.03362329698629797
31,56,29519,high_entropy,0.04295606639263404,0.10438095131059633,0.021897810218978103,0.051094890510948905,0.161923005869896,0.06658647973721542
31,57,32188,low_entropy,0.036462703325452595,0.0,0.014598540145985401,0.0,-0.15864269912122,0.04510644254882337
31,58,7657,low_entropy,0.15928728693593158,0.07766690045377633,0.06569343065693431,0.029197080291970802,-0.1497300603760524,0.04547930814331516
31,59,24650,high_entropy,0.0,0.024244189262390137,0.0,0.010948905109489052,0.1477083538917698,0.08307660721732395
31,60,1802,high_entropy,0.7766870529982295,0.9681377628423872,0.3102189781021898,0.354014598540146,0.1465480417530601,0.14628497975841095
31,61,2160,high_entropy,0.0,0.02583262172058551,0.0,0.010948905109489052,0.14510528882651985,0.08307660721732395
31,62,16874,high_entropy,0.03820900760427879,0.08941669577229631,0.01824817518248175,0.043795620437956206,0.1433656154716021,0.08804780568645934
31,63,7940,low_entropy,0.05040591998691976,0.008431138783475779,0.01824817518248175,0.0036496350364963502,-0.13946320823805078,0.10090625370869123
31,64,13983,low_entropy,0.3476521942737329,0.24801097212046602,0.15328467153284672,0.12043795620437957,-0.1319935371151171,0.17710652593505727
31,65,12810,low_entropy,0.14562485513895967,0.08425909933382578,0.06569343065693431,0.040145985401459854,-0.12479222886727759,0.17663146131024865
31,66,27388,high_entropy,6.551598035506088,6.720185521745334,1.0,1.0,0.12208940480383289,0.13479984725222668
31,67,27504,high_entropy,3.512034035947201,3.562939267088897,1.0,1.0,0.11569951642232824,0.12219638035972134
31,68,15278,low_entropy,2.005175731913017,1.772893468828967,0.5583941605839416,0.5,-0.11562558338424601,0.16228514275651473
31,69,15298,high_entropy,0.4273304486796804,0.5495329098979922,0.16058394160583941,0.2116788321167883,0.11407644411121434,0.14571278077329294
31,70,20655,high_entropy,0.007725704325376636,0.03068346089690271,0.0036496350364963502,0.010948905109489052,0.0998810446808601,0.3159838380981891
31,71,22745,low_entropy,0.1013445201581412,0.05537564606562148,0.0364963503649635,0.021897810218978103,-0.09772619069612011,0.3058222949082847
31,72,19274,high_entropy,8.860307951043122,9.135964527617405,1.0,1.0,0.09544592401225968,0.6548461670481119
31,73,11548,high_entropy,0.0714636854011647,0.10724827712469727,0.0364963503649635,0.05474452554744526,0.08743660590445637,0.30839992672876926
31,74,8832,low_entropy,0.05052360914049357,0.025889894388017864,0.021897810218978103,0.010948905109489052,-0.0826295056838429,0.31672001403660943
31,75,20466,high_entropy,0.015438003261594007,0.03688006244436668,0.0036496350364963502,0.014598540145985401,0.07609657510570325,0.1807776518648947
31,76,28069,low_entropy,0.6808463221918928,0.6028460560053804,0.2664233576642336,0.2116788321167883,-0.06454357930840238,0.1507890320080774
31,77,18550,high_entropy,0.013488806512233985,0.01998264511136243,0.0072992700729927005,0.010948905109489052,0.03723688857155631,0.6594584274551945
31,78,29120,low_entropy,0.05812665319790805,0.0447981018219551,0.021897810218978103,0.014598540145985401,-0.03418782300262085,0.5320447961190624
31,79,13011,low_entropy,0.02151227736995168,0.01816216959570446,0.010948905109489052,0.0072992700729927005,-0.016064984029513753,0.661832363709477
31,80,21288,low_entropy,0.04957563163590257,0.04648411273956299,0.025547445255474453,0.021897810218978103,-0.009995314661357588,0.7988535635763047
